2026-09-23 16:20:46,972 INFO run.814373.135599821542736: simulation seed 814373
2026-09-23 16:20:46,973 INFO run.814373.135599821542736: derived circuit_seed = 476120924
2026-09-23 16:20:46,973 INFO run.814373.135599821542736: derived topology_seed = 1205063701
2026-09-23 16:20:46,973 INFO run.814373.135599821542736: derived partition_seed = 3892791722
2026-09-23 16:20:46,973 INFO run.814373.135599821542736: derived network_seed = 3585870912
2026-09-23 16:20:46,973 INFO run.814373.135599821542736: derived qaoa_seed = 1365619873
2026-09-23 16:20:46,973 INFO run.814373.135599821542736: control num_logical_qubits = 24
2026-09-23 16:20:46,973 INFO run.814373.135599821542736: control num_qpus = 6
2026-09-23 16:20:46,973 INFO run.814373.135599821542736: control qpu_capacities = {'0': 4, '1': 4, '2': 4, '3': 4, '4': 4, '5': 4}
2026-09-23 16:20:46,973 INFO run.814373.135599821542736: control benchmark = layered_random
2026-09-23 16:20:46,973 INFO run.814373.135599821542736: control layers = 16
2026-09-23 16:20:46,973 INFO run.814373.135599821542736: control circuit_file = None
2026-09-23 16:20:46,973 INFO run.814373.135599821542736: control topology = random_connected
2026-09-23 16:20:46,973 INFO run.814373.135599821542736: control steps = 50
2026-09-23 16:20:46,973 INFO run.814373.135599821542736: control congestion_threshold = 0.6
2026-09-23 16:20:46,973 INFO run.814373.135599821542736: control link_property_ranges = {'latency': [5, 30], 'fidelity': [0.9, 0.995], 'capacity': [4, 12], 'bell_pair_pool': [24, 64], 'bell_pair_regeneration': [8.0, 20.0]}
2026-09-23 16:20:46,973 INFO run.814373.135599821542736: control extra_link_probability = 0.25
2026-09-23 16:20:46,973 INFO run.814373.135599821542736: control use_quantum = True
2026-09-23 16:20:46,973 INFO run.814373.135599821542736: control run_baseline = True
2026-09-23 16:20:46,973 INFO run.814373.135599821542736: circuit source benchmark:layered_random
2026-09-23 16:20:46,973 INFO run.814373.135599821542736: circuit: 24 logical qubits, 192 gates, 192 two-qubit gates, 138 distinct interaction pairs, 16 execution windows
2026-09-23 16:20:46,973 INFO run.814373.135599821542736: QPUs 6 with capacities {0: 4, 1: 4, 2: 4, 3: 4, 4: 4, 5: 4}
2026-09-23 16:20:46,973 INFO run.814373.135599821542736: topology model random_connected with 7 physical links: 0-2, 0-3, 0-4, 1-3, 1-4, 2-3, 2-5
2026-09-23 16:20:46,973 INFO run.814373.135599821542736: physical Link(0<->2, latency=25.0, fidelity=0.9839, capacity=9, load=0.0, state=normal, bell_pairs=63.0/63)
2026-09-23 16:20:46,973 INFO run.814373.135599821542736: physical Link(0<->3, latency=22.0, fidelity=0.9106, capacity=8, load=0.0, state=normal, bell_pairs=64.0/64)
2026-09-23 16:20:46,973 INFO run.814373.135599821542736: physical Link(0<->4, latency=24.0, fidelity=0.9598, capacity=4, load=0.0, state=normal, bell_pairs=63.0/63)
2026-09-23 16:20:46,973 INFO run.814373.135599821542736: physical Link(1<->3, latency=10.0, fidelity=0.9151, capacity=6, load=0.0, state=normal, bell_pairs=51.0/51)
2026-09-23 16:20:46,973 INFO run.814373.135599821542736: physical Link(1<->4, latency=17.0, fidelity=0.9560, capacity=8, load=0.0, state=normal, bell_pairs=47.0/47)
2026-09-23 16:20:46,973 INFO run.814373.135599821542736: physical Link(2<->3, latency=11.0, fidelity=0.9899, capacity=6, load=0.0, state=normal, bell_pairs=52.0/52)
2026-09-23 16:20:46,973 INFO run.814373.135599821542736: physical Link(2<->5, latency=11.0, fidelity=0.9354, capacity=4, load=0.0, state=normal, bell_pairs=37.0/37)
2026-09-23 16:20:46,973 INFO run.814373.135599821542736: initial partition {0: [0, 11, 13, 21], 1: [1, 7, 9, 12], 2: [6, 15, 20, 23], 3: [14, 16, 19, 22], 4: [2, 3, 8, 18], 5: [4, 5, 10, 17]}
2026-09-23 16:20:46,975 INFO run.814373.135599821542736: step 2 congestion on links 0-4|2-3|2-5 (utilization 0-4:0.75, 2-3:0.67, 2-5:0.67); affected=7 unaffected=2 in_flight_on_congested=0
2026-09-23 16:20:47,532 INFO run.814373.135599821542736.rerouting: step 2 selective rerouting: 7 affected communications on congested links 0-4|2-3|2-5; 2 unaffected communications left untouched
2026-09-23 16:20:47,532 INFO run.814373.135599821542736.rerouting: step 2 block 0: 5 communications, 10 QUBO variables, 0 pairwise capacity conflicts; classical=classical_exhaustive E=3.0900; qaoa=attempted feasible E=3.5764; executed=qaoa E=3.5764 (keep-current E=4.6264); routes changed=2
2026-09-23 16:20:47,532 INFO run.814373.135599821542736.rerouting: step 2 block 1: 2 communications, 4 QUBO variables, 0 pairwise capacity conflicts; classical=classical_exhaustive E=0.8670; qaoa=attempted feasible E=0.8670; executed=qaoa E=0.8670 (keep-current E=0.8670); routes changed=0
2026-09-23 16:20:47,532 INFO run.814373.135599821542736.rerouting: step 2 rerouted s0002-w001-g001-q1_23 (q1 QPU1 -> q23 QPU2): 1-3-2 -> 1-4-0-2, cost 125.25 -> 195.34
2026-09-23 16:20:47,532 INFO run.814373.135599821542736.rerouting: step 2 rerouted s0002-w001-g009-q11_18 (q11 QPU0 -> q18 QPU4): 0-4 -> 0-3-1-4, cost 133.14 -> 94.99
2026-09-23 16:20:47,532 INFO run.814373.135599821542736.rerouting: step 2 link 0-4 utilization 0.75 -> 0.75 after selective rerouting
2026-09-23 16:20:47,532 INFO run.814373.135599821542736.rerouting: step 2 link 2-3 utilization 0.67 -> 0.50 after selective rerouting
2026-09-23 16:20:47,532 INFO run.814373.135599821542736.rerouting: step 2 link 2-5 utilization 0.67 -> 0.67 after selective rerouting
2026-09-23 16:20:47,533 INFO run.814373.135599821542736: step 3 congestion on links 1-3|1-4|2-3|2-5 (utilization 1-3:1.00, 1-4:0.75, 2-3:0.83, 2-5:1.00); affected=9 unaffected=0 in_flight_on_congested=2
2026-09-23 16:20:49,326 INFO run.814373.135599821542736.rerouting: step 3 selective rerouting: 9 affected communications on congested links 1-3|1-4|2-3|2-5; 0 unaffected communications left untouched
2026-09-23 16:20:49,326 INFO run.814373.135599821542736.rerouting: step 3 block 0: 3 communications, 12 QUBO variables, 0 pairwise capacity conflicts; classical=classical_exhaustive E=1.8044; qaoa=attempted feasible E=1.8044; executed=qaoa E=1.8044 (keep-current E=4.8179); routes changed=2
2026-09-23 16:20:49,326 INFO run.814373.135599821542736.rerouting: step 3 block 1: 4 communications, 11 QUBO variables, 6 pairwise capacity conflicts; classical=classical_exhaustive E=2.4206; qaoa=attempted feasible E=2.5078; executed=qaoa E=2.5078 (keep-current E=3.2918); routes changed=1
2026-09-23 16:20:49,327 INFO run.814373.135599821542736.rerouting: step 3 block 2: 2 communications, 3 QUBO variables, 0 pairwise capacity conflicts; classical=classical_exhaustive E=2.2511; qaoa=attempted feasible E=2.2511; executed=qaoa E=2.2511 (keep-current E=2.2511); routes changed=0
2026-09-23 16:20:49,327 INFO run.814373.135599821542736.rerouting: step 3 rerouted s0003-w002-g002-q2_15 (q2 QPU4 -> q15 QPU2): 4-1-3-2 -> 4-0-2, cost 387.75 -> 166.67
2026-09-23 16:20:49,327 INFO run.814373.135599821542736.rerouting: step 3 rerouted s0003-w002-g003-q3_4 (q3 QPU4 -> q4 QPU5): 4-1-3-2-5 -> 4-0-2-5, cost 526.75 -> 311.83
2026-09-23 16:20:49,327 INFO run.814373.135599821542736.rerouting: step 3 rerouted s0003-w002-g010-q12_19 (q12 QPU1 -> q19 QPU3): 1-4-0-3 -> 1-3, cost 194.52 -> 140.64
2026-09-23 16:20:49,327 INFO run.814373.135599821542736.rerouting: step 3 link 1-3 utilization 1.00 -> 0.86 after selective rerouting
2026-09-23 16:20:49,327 INFO run.814373.135599821542736.rerouting: step 3 link 1-4 utilization 0.75 -> 0.38 after selective rerouting
2026-09-23 16:20:49,327 INFO run.814373.135599821542736.rerouting: step 3 link 2-3 utilization 0.83 -> 0.50 after selective rerouting
2026-09-23 16:20:49,327 INFO run.814373.135599821542736.rerouting: step 3 link 2-5 utilization 1.00 -> 1.00 after selective rerouting
2026-09-23 16:20:49,382 INFO run.814373.135599821542736.repartition: step 3 repartition trigger reason=congestion (congestion) links=0-4|2-5 affected_qubits=[2, 3, 4, 5, 6, 15, 17, 22]
2026-09-23 16:20:49,382 INFO run.814373.135599821542736.repartition: step 3 evaluated 46 selective candidates; objective 17387.79 -> 17135.16 (communication 13787.79 -> 13499.03, deferred load 18.0 -> 18.0, migration 36.13)
2026-09-23 16:20:49,382 INFO run.814373.135599821542736.repartition: step 3 repartition rejected: improvement_below_margin
2026-09-23 16:20:49,383 INFO run.814373.135599821542736: step 3 deferred 1 communications to queue (hard_capacity); queue length 1
2026-09-23 16:20:49,383 INFO run.814373.135599821542736: step 4 congestion on links 0-4|1-3|2-5 (utilization 0-4:1.00, 1-3:0.67, 2-5:1.00); affected=4 unaffected=0 in_flight_on_congested=4
2026-09-23 16:20:49,852 INFO run.814373.135599821542736.rerouting: step 4 selective rerouting: 4 affected communications on congested links 0-4|1-3|2-5; 0 unaffected communications left untouched
2026-09-23 16:20:49,852 INFO run.814373.135599821542736.rerouting: step 4 block 0: 4 communications, 10 QUBO variables, 9 pairwise capacity conflicts; classical=classical_exhaustive E=2.3356; qaoa=attempted feasible E=2.3356; executed=qaoa E=2.3356 (keep-current E=2.3356); routes changed=0
2026-09-23 16:20:49,852 INFO run.814373.135599821542736.rerouting: step 4 link 0-4 utilization 1.00 -> 1.00 after selective rerouting
2026-09-23 16:20:49,852 INFO run.814373.135599821542736.rerouting: step 4 link 1-3 utilization 0.67 -> 0.67 after selective rerouting
2026-09-23 16:20:49,852 INFO run.814373.135599821542736.rerouting: step 4 link 2-5 utilization 1.00 -> 1.00 after selective rerouting
2026-09-23 16:20:49,996 INFO run.814373.135599821542736.repartition: step 4 repartition trigger reason=combined (congestion+resource) links=0-4|1-3|2-5 affected_qubits=[2, 3, 4, 5, 8, 9, 10, 11, 12, 13, 14, 17, 18, 22]
2026-09-23 16:20:49,996 INFO run.814373.135599821542736.repartition: step 4 evaluated 152 selective candidates; objective 15752.81 -> 15680.68 (communication 6152.81 -> 6014.58, deferred load 48.0 -> 48.0, migration 66.09)
2026-09-23 16:20:49,996 INFO run.814373.135599821542736.repartition: step 4 repartition rejected: improvement_below_margin
2026-09-23 16:20:49,996 INFO run.814373.135599821542736: step 4 deferred 4 communications to queue (hard_capacity); queue length 4
2026-09-23 16:20:49,998 INFO run.814373.135599821542736: step 5 congestion on links 1-3|2-5 (utilization 1-3:1.00, 2-5:1.00); affected=5 unaffected=2 in_flight_on_congested=2
2026-09-23 16:20:50,937 INFO run.814373.135599821542736.rerouting: step 5 selective rerouting: 5 affected communications on congested links 1-3|2-5; 2 unaffected communications left untouched
2026-09-23 16:20:50,937 INFO run.814373.135599821542736.rerouting: step 5 block 0: 3 communications, 11 QUBO variables, 0 pairwise capacity conflicts; classical=classical_exhaustive E=2.4966; qaoa=attempted feasible E=2.4966; executed=qaoa E=2.4966 (keep-current E=3.3335); routes changed=1
2026-09-23 16:20:50,937 INFO run.814373.135599821542736.rerouting: step 5 block 1: 2 communications, 5 QUBO variables, 2 pairwise capacity conflicts; classical=classical_exhaustive E=1.2544; qaoa=attempted feasible E=1.2544; executed=qaoa E=1.2544 (keep-current E=1.2544); routes changed=0
2026-09-23 16:20:50,937 INFO run.814373.135599821542736.rerouting: step 5 rerouted s0005-w004-g002-q2_6 (q2 QPU4 -> q6 QPU2): 4-1-3-2 -> 4-0-2, cost 209.78 -> 173.25
2026-09-23 16:20:50,937 INFO run.814373.135599821542736.rerouting: step 5 link 1-3 utilization 1.00 -> 0.83 after selective rerouting
2026-09-23 16:20:50,937 INFO run.814373.135599821542736.rerouting: step 5 link 2-5 utilization 1.00 -> 1.00 after selective rerouting
2026-09-23 16:20:51,305 INFO run.814373.135599821542736.repartition: step 5 repartition trigger reason=combined (congestion+resource) links=0-4|1-3 affected_qubits=[1, 2, 3, 4, 5, 6, 7, 8, 9, 10, 11, 12, 14, 15, 16, 17, 18, 19, 22, 23]
2026-09-23 16:20:51,305 INFO run.814373.135599821542736.repartition: step 5 evaluated 326 selective candidates; objective 19569.82 -> 18610.85 (communication 14169.82 -> 13601.37, deferred load 27.0 -> 24.0, migration 209.48)
2026-09-23 16:20:51,305 INFO run.814373.135599821542736.repartition: step 5 repartition rejected: improvement_below_margin
2026-09-23 16:20:51,305 INFO run.814373.135599821542736: step 5 deferred 8 communications to queue (hard_capacity); queue length 8
2026-09-23 16:20:51,306 INFO run.814373.135599821542736: step 6 congestion on links 0-4|1-3|2-3|2-5 (utilization 0-4:1.00, 1-3:1.00, 2-3:0.67, 2-5:1.00); affected=6 unaffected=0 in_flight_on_congested=4
2026-09-23 16:20:51,903 INFO run.814373.135599821542736.rerouting: step 6 selective rerouting: 6 affected communications on congested links 0-4|1-3|2-3|2-5; 0 unaffected communications left untouched
2026-09-23 16:20:51,903 INFO run.814373.135599821542736.rerouting: step 6 block 0: 3 communications, 9 QUBO variables, 5 pairwise capacity conflicts; classical=classical_exhaustive E=1.9046; qaoa=attempted feasible E=1.9046; executed=qaoa E=1.9046 (keep-current E=2.0964); routes changed=2
2026-09-23 16:20:51,904 INFO run.814373.135599821542736.rerouting: step 6 block 1: 3 communications, 5 QUBO variables, 0 pairwise capacity conflicts; classical=classical_exhaustive E=3.6146; qaoa=attempted feasible E=3.6146; executed=qaoa E=3.6146 (keep-current E=3.6828); routes changed=1
2026-09-23 16:20:51,904 INFO run.814373.135599821542736.rerouting: step 6 rerouted s0004-w003-g002-q2_4 (q2 QPU4 -> q4 QPU5): 4-1-3-2-5 -> 4-0-2-5, cost 419.44 -> 352.03
2026-09-23 16:20:51,904 INFO run.814373.135599821542736.rerouting: step 6 rerouted s0004-w003-g003-q3_17 (q3 QPU4 -> q17 QPU5): 4-1-3-2-5 -> 4-1-3-0-2-5, cost 419.44 -> 403.12
2026-09-23 16:20:51,904 INFO run.814373.135599821542736.rerouting: step 6 rerouted s0006-w005-g002-q2_16 (q2 QPU4 -> q16 QPU3): 4-0-3 -> 4-1-3, cost 212.23 -> 194.21
2026-09-23 16:20:51,904 INFO run.814373.135599821542736.rerouting: step 6 link 0-4 utilization 1.00 -> 1.00 after selective rerouting
2026-09-23 16:20:51,904 INFO run.814373.135599821542736.rerouting: step 6 link 1-3 utilization 1.00 -> 1.00 after selective rerouting
2026-09-23 16:20:51,904 INFO run.814373.135599821542736.rerouting: step 6 link 2-3 utilization 0.67 -> 0.33 after selective rerouting
2026-09-23 16:20:51,904 INFO run.814373.135599821542736.rerouting: step 6 link 2-5 utilization 1.00 -> 1.00 after selective rerouting
2026-09-23 16:20:52,115 INFO run.814373.135599821542736.repartition: step 6 repartition trigger reason=combined (congestion+resource) links=0-4|1-3|2-5 affected_qubits=[0, 1, 2, 3, 4, 5, 8, 10, 11, 12, 13, 14, 16, 17, 18, 21]
2026-09-23 16:20:52,115 INFO run.814373.135599821542736.repartition: step 6 evaluated 200 selective candidates; objective 17194.42 -> 16205.06 (communication 9394.42 -> 9223.26, deferred load 39.0 -> 34.0, migration 181.80)
2026-09-23 16:20:52,115 INFO run.814373.135599821542736.repartition: step 6 accepted swap of qubits [3, 21]: QPU [4, 0] -> QPU [0, 4]
2026-09-23 16:20:52,115 INFO run.814373.135599821542736.repartition: step 6 accepted swap of qubits [13, 17]: QPU [0, 5] -> QPU [5, 0]
2026-09-23 16:20:52,115 INFO run.814373.135599821542736.repartition: step 6 link 0-4 projected peak utilization 0.75 -> 1.00
2026-09-23 16:20:52,115 INFO run.814373.135599821542736.repartition: step 6 link 1-3 projected peak utilization 1.00 -> 0.83
2026-09-23 16:20:52,115 INFO run.814373.135599821542736.repartition: step 6 link 2-5 projected peak utilization 1.00 -> 1.00
2026-09-23 16:20:52,115 INFO run.814373.135599821542736.repartition: step 6 moved qubits [3, 13, 17, 21]; new partition {0: [0, 3, 11, 17], 1: [1, 7, 9, 12], 2: [6, 15, 20, 23], 3: [14, 16, 19, 22], 4: [2, 8, 18, 21], 5: [4, 5, 10, 13]}
2026-09-23 16:20:52,115 INFO run.814373.135599821542736: step 6 deferred 10 communications to queue (hard_capacity); queue length 10
2026-09-23 16:20:52,116 INFO run.814373.135599821542736: step 7 congestion on links 0-4|1-3|2-5 (utilization 0-4:0.75, 1-3:1.00, 2-5:1.00); affected=8 unaffected=2 in_flight_on_congested=2
2026-09-23 16:20:53,329 INFO run.814373.135599821542736.rerouting: step 7 selective rerouting: 8 affected communications on congested links 0-4|1-3|2-5; 2 unaffected communications left untouched
2026-09-23 16:20:53,329 INFO run.814373.135599821542736.rerouting: step 7 block 0: 3 communications, 9 QUBO variables, 8 pairwise capacity conflicts; classical=classical_exhaustive E=2.4219; qaoa=attempted feasible E=2.4219; executed=qaoa E=2.4219 (keep-current E=2.4219); routes changed=0
2026-09-23 16:20:53,329 INFO run.814373.135599821542736.rerouting: step 7 block 1: 3 communications, 11 QUBO variables, 8 pairwise capacity conflicts; classical=classical_exhaustive E=1.8349; qaoa=attempted feasible E=1.8481; executed=qaoa E=1.8481 (keep-current E=2.1994); routes changed=1
2026-09-23 16:20:53,329 INFO run.814373.135599821542736.rerouting: step 7 block 2: 2 communications, 4 QUBO variables, 0 pairwise capacity conflicts; classical=classical_exhaustive E=1.2244; qaoa=attempted feasible E=1.2244; executed=qaoa E=1.2244 (keep-current E=1.2244); routes changed=0
2026-09-23 16:20:53,329 INFO run.814373.135599821542736.rerouting: step 7 rerouted s0005-w004-g004-q4_12 (q4 QPU5 -> q12 QPU1): 5-2-3-1 -> 5-2-0-4-1, cost 320.46 -> 449.17
2026-09-23 16:20:53,329 INFO run.814373.135599821542736.rerouting: step 7 link 0-4 utilization 0.75 -> 1.00 after selective rerouting
2026-09-23 16:20:53,329 INFO run.814373.135599821542736.rerouting: step 7 link 1-3 utilization 1.00 -> 0.83 after selective rerouting
2026-09-23 16:20:53,329 INFO run.814373.135599821542736.rerouting: step 7 link 2-5 utilization 1.00 -> 1.00 after selective rerouting
2026-09-23 16:20:53,329 INFO run.814373.135599821542736.repartition: step 7 trigger 'congestion+resource' suppressed by cooldown (last repartition at step 6)
2026-09-23 16:20:53,329 INFO run.814373.135599821542736: step 7 deferred 6 communications to queue (hard_capacity); queue length 6
2026-09-23 16:20:53,330 INFO run.814373.135599821542736: step 8 congestion on links 0-4|1-3|2-5 (utilization 0-4:0.75, 1-3:0.67, 2-5:1.00); affected=1 unaffected=2 in_flight_on_congested=7
2026-09-23 16:20:53,428 INFO run.814373.135599821542736.rerouting: step 8 selective rerouting: 1 affected communications on congested links 0-4|1-3|2-5; 2 unaffected communications left untouched
2026-09-23 16:20:53,428 INFO run.814373.135599821542736.rerouting: step 8 block 0: 1 communications, 2 QUBO variables, 0 pairwise capacity conflicts; classical=classical_exhaustive E=0.3613; qaoa=attempted feasible E=0.3613; executed=qaoa E=0.3613 (keep-current E=0.3613); routes changed=0
2026-09-23 16:20:53,428 INFO run.814373.135599821542736.rerouting: step 8 link 0-4 utilization 0.75 -> 0.75 after selective rerouting
2026-09-23 16:20:53,428 INFO run.814373.135599821542736.rerouting: step 8 link 1-3 utilization 0.67 -> 0.67 after selective rerouting
2026-09-23 16:20:53,428 INFO run.814373.135599821542736.rerouting: step 8 link 2-5 utilization 1.00 -> 1.00 after selective rerouting
2026-09-23 16:20:53,429 INFO run.814373.135599821542736.repartition: step 8 trigger 'congestion+resource' suppressed by cooldown (last repartition at step 6)
2026-09-23 16:20:53,429 INFO run.814373.135599821542736: step 8 deferred 10 communications to queue (hard_capacity); queue length 10
2026-09-23 16:20:53,430 INFO run.814373.135599821542736: step 9 congestion on links 2-3|2-5 (utilization 2-3:1.00, 2-5:1.00); affected=7 unaffected=3 in_flight_on_congested=1
2026-09-23 16:20:54,124 INFO run.814373.135599821542736.rerouting: step 9 selective rerouting: 7 affected communications on congested links 2-3|2-5; 3 unaffected communications left untouched
2026-09-23 16:20:54,124 INFO run.814373.135599821542736.rerouting: step 9 block 0: 4 communications, 10 QUBO variables, 0 pairwise capacity conflicts; classical=classical_exhaustive E=3.8673; qaoa=attempted feasible E=3.8673; executed=qaoa E=3.8673 (keep-current E=13.4371); routes changed=3
2026-09-23 16:20:54,124 INFO run.814373.135599821542736.rerouting: step 9 block 1: 3 communications, 6 QUBO variables, 0 pairwise capacity conflicts; classical=classical_exhaustive E=1.4102; qaoa=attempted feasible E=1.4102; executed=qaoa E=1.4102 (keep-current E=1.4102); routes changed=0
2026-09-23 16:20:54,124 INFO run.814373.135599821542736.rerouting: step 9 rerouted s0005-w004-g009-q10_16 (q10 QPU5 -> q16 QPU3): 5-2-3 -> 5-2-0-3, cost 300.71 -> 224.90
2026-09-23 16:20:54,124 INFO run.814373.135599821542736.rerouting: step 9 rerouted s0009-w008-g001-q1_6 (q1 QPU1 -> q6 QPU2): 1-3-2 -> 1-3-0-2, cost 183.34 -> 96.72
2026-09-23 16:20:54,124 INFO run.814373.135599821542736.rerouting: step 9 rerouted s0009-w008-g007-q9_15 (q9 QPU1 -> q15 QPU2): 1-3-2 -> 1-4-0-2, cost 183.34 -> 107.98
2026-09-23 16:20:54,124 INFO run.814373.135599821542736.rerouting: step 9 link 2-3 utilization 1.00 -> 0.50 after selective rerouting
2026-09-23 16:20:54,124 INFO run.814373.135599821542736.rerouting: step 9 link 2-5 utilization 1.00 -> 1.00 after selective rerouting
2026-09-23 16:20:54,277 INFO run.814373.135599821542736.repartition: step 9 repartition trigger reason=combined (congestion+resource) links=2-5 affected_qubits=[0, 1, 4, 5, 7, 9, 10, 11, 12, 13, 14, 16, 21]
2026-09-23 16:20:54,277 INFO run.814373.135599821542736.repartition: step 9 evaluated 128 selective candidates; objective 17034.21 -> 15672.32 (communication 12834.21 -> 11658.77, deferred load 21.0 -> 19.0, migration 213.55)
2026-09-23 16:20:54,277 INFO run.814373.135599821542736.repartition: step 9 accepted swap of qubits [0, 10]: QPU [0, 5] -> QPU [5, 0]
2026-09-23 16:20:54,277 INFO run.814373.135599821542736.repartition: step 9 accepted swap of qubits [11, 12]: QPU [0, 1] -> QPU [1, 0]
2026-09-23 16:20:54,277 INFO run.814373.135599821542736.repartition: step 9 link 2-5 projected peak utilization 1.00 -> 1.00
2026-09-23 16:20:54,277 INFO run.814373.135599821542736.repartition: step 9 moved qubits [0, 10, 11, 12]; new partition {0: [3, 10, 12, 17], 1: [1, 7, 9, 11], 2: [6, 15, 20, 23], 3: [14, 16, 19, 22], 4: [2, 8, 18, 21], 5: [0, 4, 5, 13]}
2026-09-23 16:20:54,277 INFO run.814373.135599821542736: step 9 deferred 9 communications to queue (hard_capacity); queue length 9
2026-09-23 16:20:54,278 INFO run.814373.135599821542736: step 10 congestion on links 0-4|1-3|2-5 (utilization 0-4:0.75, 1-3:0.86, 2-5:1.00); affected=8 unaffected=1 in_flight_on_congested=4
2026-09-23 16:20:55,465 INFO run.814373.135599821542736.rerouting: step 10 selective rerouting: 8 affected communications on congested links 0-4|1-3|2-5; 1 unaffected communications left untouched
2026-09-23 16:20:55,466 INFO run.814373.135599821542736.rerouting: step 10 block 0: 3 communications, 10 QUBO variables, 0 pairwise capacity conflicts; classical=classical_exhaustive E=1.8542; qaoa=attempted feasible E=1.8713; executed=qaoa E=1.8713 (keep-current E=2.0006); routes changed=2
2026-09-23 16:20:55,466 INFO run.814373.135599821542736.rerouting: step 10 block 1: 4 communications, 11 QUBO variables, 0 pairwise capacity conflicts; classical=classical_exhaustive E=4.1933; qaoa=attempted feasible E=4.2014; executed=qaoa E=4.2014 (keep-current E=13.0123); routes changed=3
2026-09-23 16:20:55,466 INFO run.814373.135599821542736.rerouting: step 10 block 2: 1 communications, 2 QUBO variables, 0 pairwise capacity conflicts; classical=classical_exhaustive E=0.4754; qaoa=attempted feasible E=0.4754; executed=qaoa E=0.4754 (keep-current E=0.4754); routes changed=0
2026-09-23 16:20:55,466 INFO run.814373.135599821542736.rerouting: step 10 rerouted s0007-w006-g005-q5_7 (q5 QPU5 -> q7 QPU1): 5-2-3-1 -> 5-2-0-3-1, cost 300.60 -> 394.63
2026-09-23 16:20:55,466 INFO run.814373.135599821542736.rerouting: step 10 rerouted s0008-w007-g006-q9_10 (q9 QPU1 -> q10 QPU0): 1-3-0 -> 1-3-2-0, cost 172.49 -> 233.79
2026-09-23 16:20:55,466 INFO run.814373.135599821542736.rerouting: step 10 rerouted s0010-w009-g002-q2_14 (q2 QPU4 -> q14 QPU3): 4-1-3 -> 4-0-3, cost 168.30 -> 204.90
2026-09-23 16:20:55,466 INFO run.814373.135599821542736.rerouting: step 10 rerouted s0010-w009-g005-q7_12 (q7 QPU1 -> q12 QPU0): 1-3-0 -> 1-4-0, cost 172.49 -> 200.99
2026-09-23 16:20:55,466 INFO run.814373.135599821542736.rerouting: step 10 rerouted s0010-w009-g006-q8_23 (q8 QPU4 -> q23 QPU2): 4-0-2 -> 4-1-3-2, cost 162.41 -> 159.50
2026-09-23 16:20:55,466 INFO run.814373.135599821542736.rerouting: step 10 link 0-4 utilization 0.75 -> 1.00 after selective rerouting
2026-09-23 16:20:55,466 INFO run.814373.135599821542736.rerouting: step 10 link 1-3 utilization 0.86 -> 0.71 after selective rerouting
2026-09-23 16:20:55,466 INFO run.814373.135599821542736.rerouting: step 10 link 2-5 utilization 1.00 -> 1.00 after selective rerouting
2026-09-23 16:20:55,466 INFO run.814373.135599821542736.repartition: step 10 trigger 'congestion+resource' suppressed by cooldown (last repartition at step 9)
2026-09-23 16:20:55,466 INFO run.814373.135599821542736: step 10 deferred 5 communications to queue (hard_capacity); queue length 5
2026-09-23 16:20:55,467 INFO run.814373.135599821542736: step 11 congestion on links 0-2|0-4|1-3|1-4|2-3|2-5 (utilization 0-2:0.62, 0-4:1.00, 1-3:1.00, 1-4:0.75, 2-3:1.00, 2-5:1.00); affected=8 unaffected=1 in_flight_on_congested=6
2026-09-23 16:20:56,319 INFO run.814373.135599821542736.rerouting: step 11 selective rerouting: 8 affected communications on congested links 0-2|0-4|1-3|1-4|2-3|2-5; 1 unaffected communications left untouched
2026-09-23 16:20:56,319 INFO run.814373.135599821542736.rerouting: step 11 block 0: 4 communications, 10 QUBO variables, 10 pairwise capacity conflicts; classical=classical_exhaustive E=3.4021; qaoa=attempted feasible E=3.4111; executed=qaoa E=3.4111 (keep-current E=3.4021); routes changed=2
2026-09-23 16:20:56,319 INFO run.814373.135599821542736.rerouting: step 11 block 1: 3 communications, 6 QUBO variables, 0 pairwise capacity conflicts; classical=classical_exhaustive E=3.3330; qaoa=attempted feasible E=3.3330; executed=qaoa E=3.3330 (keep-current E=3.7071); routes changed=1
2026-09-23 16:20:56,319 INFO run.814373.135599821542736.rerouting: step 11 block 2: 1 communications, 1 QUBO variables, 0 pairwise capacity conflicts; classical=classical_exhaustive E=1.0000; qaoa=attempted feasible E=1.0000; executed=qaoa E=1.0000 (keep-current E=1.0000); routes changed=0
2026-09-23 16:20:56,319 INFO run.814373.135599821542736.rerouting: step 11 rerouted s0008-w007-g001-q1_5 (q1 QPU1 -> q5 QPU5): 1-3-2-5 -> 1-4-0-2-5, cost 441.99 -> 541.77
2026-09-23 16:20:56,319 INFO run.814373.135599821542736.rerouting: step 11 rerouted s0008-w007-g003-q4_21 (q4 QPU5 -> q21 QPU4): 5-2-3-1-4 -> 5-2-0-3-1-4, cost 551.36 -> 561.22
2026-09-23 16:20:56,319 INFO run.814373.135599821542736.rerouting: step 11 rerouted s0011-w010-g006-q7_23 (q7 QPU1 -> q23 QPU2): 1-4-0-2 -> 1-3-2, cost 381.58 -> 275.51
2026-09-23 16:20:56,319 INFO run.814373.135599821542736.rerouting: step 11 link 0-2 utilization 0.62 -> 0.75 after selective rerouting
2026-09-23 16:20:56,319 INFO run.814373.135599821542736.rerouting: step 11 link 0-4 utilization 1.00 -> 1.00 after selective rerouting
2026-09-23 16:20:56,319 INFO run.814373.135599821542736.rerouting: step 11 link 1-3 utilization 1.00 -> 1.00 after selective rerouting
2026-09-23 16:20:56,319 INFO run.814373.135599821542736.rerouting: step 11 link 1-4 utilization 0.75 -> 0.75 after selective rerouting
2026-09-23 16:20:56,319 INFO run.814373.135599821542736.rerouting: step 11 link 2-3 utilization 1.00 -> 0.83 after selective rerouting
2026-09-23 16:20:56,319 INFO run.814373.135599821542736.rerouting: step 11 link 2-5 utilization 1.00 -> 1.00 after selective rerouting
2026-09-23 16:20:56,319 INFO run.814373.135599821542736.repartition: step 11 trigger 'congestion+resource' suppressed by cooldown (last repartition at step 9)
2026-09-23 16:20:56,319 INFO run.814373.135599821542736: step 11 deferred 5 communications to queue (hard_capacity); queue length 5
2026-09-23 16:20:56,320 INFO run.814373.135599821542736: step 12 congestion on links 1-3|2-5 (utilization 1-3:1.00, 2-5:1.00); affected=6 unaffected=1 in_flight_on_congested=3
2026-09-23 16:20:57,205 INFO run.814373.135599821542736.rerouting: step 12 selective rerouting: 6 affected communications on congested links 1-3|2-5; 1 unaffected communications left untouched
2026-09-23 16:20:57,205 INFO run.814373.135599821542736.rerouting: step 12 block 0: 3 communications, 11 QUBO variables, 0 pairwise capacity conflicts; classical=classical_exhaustive E=1.9619; qaoa=attempted feasible E=2.4795; executed=qaoa E=2.4795 (keep-current E=3.0356); routes changed=2
2026-09-23 16:20:57,205 INFO run.814373.135599821542736.rerouting: step 12 block 1: 3 communications, 7 QUBO variables, 0 pairwise capacity conflicts; classical=classical_exhaustive E=1.5867; qaoa=attempted feasible E=1.5867; executed=qaoa E=1.5867 (keep-current E=1.8259); routes changed=1
2026-09-23 16:20:57,205 INFO run.814373.135599821542736.rerouting: step 12 rerouted s0012-w011-g006-q7_12 (q7 QPU1 -> q12 QPU0): 1-3-0 -> 1-3-2-0, cost 193.34 -> 164.32
2026-09-23 16:20:57,205 INFO run.814373.135599821542736.rerouting: step 12 rerouted s0012-w011-g007-q8_15 (q8 QPU4 -> q15 QPU2): 4-1-3-2 -> 4-0-2, cost 206.71 -> 141.09
2026-09-23 16:20:57,205 INFO run.814373.135599821542736.rerouting: step 12 rerouted s0012-w011-g011-q21_23 (q21 QPU4 -> q23 QPU2): 4-1-3-2 -> 4-0-3-2, cost 206.71 -> 150.52
2026-09-23 16:20:57,205 INFO run.814373.135599821542736.rerouting: step 12 link 1-3 utilization 1.00 -> 0.71 after selective rerouting
2026-09-23 16:20:57,205 INFO run.814373.135599821542736.rerouting: step 12 link 2-5 utilization 1.00 -> 1.00 after selective rerouting
2026-09-23 16:20:57,387 INFO run.814373.135599821542736.repartition: step 12 repartition trigger reason=combined (congestion+resource) links=0-4|1-3|2-5 affected_qubits=[0, 6, 7, 8, 9, 11, 12, 13, 15, 17, 20, 21, 22, 23]
2026-09-23 16:20:57,388 INFO run.814373.135599821542736.repartition: step 12 evaluated 158 selective candidates; objective 19776.76 -> 18737.26 (communication 16376.76 -> 15216.08, deferred load 17.0 -> 17.0, migration 121.17)
2026-09-23 16:20:57,388 INFO run.814373.135599821542736.repartition: step 12 accepted swap of qubits [11, 23]: QPU [1, 2] -> QPU [2, 1]
2026-09-23 16:20:57,388 INFO run.814373.135599821542736.repartition: step 12 accepted swap of qubits [0, 11]: QPU [5, 2] -> QPU [2, 5]
2026-09-23 16:20:57,388 INFO run.814373.135599821542736.repartition: step 12 link 0-4 projected peak utilization 1.00 -> 1.00
2026-09-23 16:20:57,388 INFO run.814373.135599821542736.repartition: step 12 link 1-3 projected peak utilization 0.86 -> 1.00
2026-09-23 16:20:57,388 INFO run.814373.135599821542736.repartition: step 12 link 2-5 projected peak utilization 1.00 -> 1.00
2026-09-23 16:20:57,388 INFO run.814373.135599821542736.repartition: step 12 moved qubits [0, 11, 23]; new partition {0: [3, 10, 12, 17], 1: [1, 7, 9, 23], 2: [0, 6, 15, 20], 3: [14, 16, 19, 22], 4: [2, 8, 18, 21], 5: [4, 5, 11, 13]}
2026-09-23 16:20:57,388 INFO run.814373.135599821542736: step 12 deferred 3 communications to queue (hard_capacity); queue length 3
2026-09-23 16:20:57,389 INFO run.814373.135599821542736: step 13 congestion on links 0-2|0-4|1-3|1-4|2-3|2-5 (utilization 0-2:0.89, 0-4:0.80, 1-3:0.62, 1-4:0.75, 2-3:0.67, 2-5:1.00); affected=9 unaffected=0 in_flight_on_congested=5
2026-09-23 16:20:58,364 INFO run.814373.135599821542736.rerouting: step 13 selective rerouting: 9 affected communications on congested links 0-2|0-4|1-3|1-4|2-3|2-5; 0 unaffected communications left untouched
2026-09-23 16:20:58,364 INFO run.814373.135599821542736.rerouting: step 13 block 0: 5 communications, 10 QUBO variables, 0 pairwise capacity conflicts; classical=classical_exhaustive E=5.1308; qaoa=attempted feasible E=5.1308; executed=qaoa E=5.1308 (keep-current E=12.8914); routes changed=3
2026-09-23 16:20:58,364 INFO run.814373.135599821542736.rerouting: step 13 block 1: 4 communications, 11 QUBO variables, 0 pairwise capacity conflicts; classical=classical_exhaustive E=3.1336; qaoa=attempted feasible E=3.3909; executed=qaoa E=3.3909 (keep-current E=5.9217); routes changed=1
2026-09-23 16:20:58,364 INFO run.814373.135599821542736.rerouting: step 13 rerouted s0011-w010-g000-q0_17 (q0 QPU2 -> q17 QPU0): 2-0 -> 2-3-0, cost 156.72 -> 164.00
2026-09-23 16:20:58,364 INFO run.814373.135599821542736.rerouting: step 13 rerouted s0013-w012-g000-q0_10 (q0 QPU2 -> q10 QPU0): 2-0 -> 2-3-0, cost 156.72 -> 164.00
2026-09-23 16:20:58,364 INFO run.814373.135599821542736.rerouting: step 13 rerouted s0013-w012-g001-q1_12 (q1 QPU1 -> q12 QPU0): 1-4-0 -> 1-3-0, cost 248.49 -> 136.00
2026-09-23 16:20:58,364 INFO run.814373.135599821542736.rerouting: step 13 rerouted s0013-w012-g002-q2_5 (q2 QPU4 -> q5 QPU5): 4-1-3-2-5 -> 4-0-2-5, cost 444.53 -> 408.96
2026-09-23 16:20:58,364 INFO run.814373.135599821542736.rerouting: step 13 link 0-2 utilization 0.89 -> 0.78 after selective rerouting
2026-09-23 16:20:58,364 INFO run.814373.135599821542736.rerouting: step 13 link 0-4 utilization 0.80 -> 0.80 after selective rerouting
2026-09-23 16:20:58,364 INFO run.814373.135599821542736.rerouting: step 13 link 1-3 utilization 0.62 -> 0.62 after selective rerouting
2026-09-23 16:20:58,365 INFO run.814373.135599821542736.rerouting: step 13 link 1-4 utilization 0.75 -> 0.50 after selective rerouting
2026-09-23 16:20:58,365 INFO run.814373.135599821542736.rerouting: step 13 link 2-3 utilization 0.67 -> 0.83 after selective rerouting
2026-09-23 16:20:58,365 INFO run.814373.135599821542736.rerouting: step 13 link 2-5 utilization 1.00 -> 1.00 after selective rerouting
2026-09-23 16:20:58,365 INFO run.814373.135599821542736.repartition: step 13 trigger 'congestion+resource' suppressed by cooldown (last repartition at step 12)
2026-09-23 16:20:58,365 INFO run.814373.135599821542736: step 13 deferred 3 communications to queue (hard_capacity); queue length 3
2026-09-23 16:20:58,366 INFO run.814373.135599821542736: step 14 congestion on links 1-3|2-3|2-5 (utilization 1-3:0.86, 2-3:0.83, 2-5:1.00); affected=7 unaffected=2 in_flight_on_congested=2
2026-09-23 16:20:59,688 INFO run.814373.135599821542736.rerouting: step 14 selective rerouting: 7 affected communications on congested links 1-3|2-3|2-5; 2 unaffected communications left untouched
2026-09-23 16:20:59,688 INFO run.814373.135599821542736.rerouting: step 14 block 0: 3 communications, 12 QUBO variables, 0 pairwise capacity conflicts; classical=classical_exhaustive E=2.7349; qaoa=attempted feasible E=3.1373; executed=qaoa E=3.1373 (keep-current E=10.3855); routes changed=3
2026-09-23 16:20:59,688 INFO run.814373.135599821542736.rerouting: step 14 block 1: 4 communications, 9 QUBO variables, 1 pairwise capacity conflicts; classical=classical_exhaustive E=2.0497; qaoa=attempted feasible E=2.0497; executed=qaoa E=2.0497 (keep-current E=2.0497); routes changed=0
2026-09-23 16:20:59,688 INFO run.814373.135599821542736.rerouting: step 14 rerouted s0013-w012-g004-q4_18 (q4 QPU5 -> q18 QPU4): 5-2-3-1-4 -> 5-2-3-0-4, cost 421.06 -> 334.16
2026-09-23 16:20:59,688 INFO run.814373.135599821542736.rerouting: step 14 rerouted s0013-w012-g007-q9_11 (q9 QPU1 -> q11 QPU5): 1-3-2-5 -> 1-3-0-2-5, cost 395.06 -> 254.80
2026-09-23 16:20:59,688 INFO run.814373.135599821542736.rerouting: step 14 rerouted s0014-w013-g002-q2_20 (q2 QPU4 -> q20 QPU2): 4-1-3-2 -> 4-0-2, cost 275.86 -> 172.41
2026-09-23 16:20:59,688 INFO run.814373.135599821542736.rerouting: step 14 link 1-3 utilization 0.86 -> 0.57 after selective rerouting
2026-09-23 16:20:59,688 INFO run.814373.135599821542736.rerouting: step 14 link 2-3 utilization 0.83 -> 0.50 after selective rerouting
2026-09-23 16:20:59,688 INFO run.814373.135599821542736.rerouting: step 14 link 2-5 utilization 1.00 -> 1.00 after selective rerouting
2026-09-23 16:20:59,688 INFO run.814373.135599821542736.repartition: step 14 trigger 'congestion+resource' suppressed by cooldown (last repartition at step 12)
2026-09-23 16:20:59,688 INFO run.814373.135599821542736: step 14 deferred 4 communications to queue (hard_capacity); queue length 4
2026-09-23 16:20:59,689 INFO run.814373.135599821542736: step 15 congestion on links 0-4|1-3|1-4|2-3|2-5 (utilization 0-4:0.80, 1-3:0.86, 1-4:0.75, 2-3:0.86, 2-5:1.00); affected=8 unaffected=1 in_flight_on_congested=6
2026-09-23 16:21:00,578 INFO run.814373.135599821542736.rerouting: step 15 selective rerouting: 8 affected communications on congested links 0-4|1-3|1-4|2-3|2-5; 1 unaffected communications left untouched
2026-09-23 16:21:00,578 INFO run.814373.135599821542736.rerouting: step 15 block 0: 3 communications, 10 QUBO variables, 0 pairwise capacity conflicts; classical=classical_exhaustive E=1.8191; qaoa=attempted feasible E=2.3808; executed=qaoa E=2.3808 (keep-current E=6.0102); routes changed=2
2026-09-23 16:21:00,578 INFO run.814373.135599821542736.rerouting: step 15 block 1: 5 communications, 9 QUBO variables, 1 pairwise capacity conflicts; classical=classical_exhaustive E=3.2550; qaoa=attempted feasible E=3.8603; executed=qaoa E=3.8603 (keep-current E=5.6299); routes changed=2
2026-09-23 16:21:00,578 INFO run.814373.135599821542736.rerouting: step 15 rerouted s0015-w014-g000-q0_18 (q0 QPU2 -> q18 QPU4): 2-3-1-4 -> 2-0-4, cost 362.08 -> 260.64
2026-09-23 16:21:00,578 INFO run.814373.135599821542736.rerouting: step 15 rerouted s0015-w014-g003-q3_23 (q3 QPU0 -> q23 QPU1): 0-4-1 -> 0-2-3-1, cost 247.84 -> 276.58
2026-09-23 16:21:00,578 INFO run.814373.135599821542736.rerouting: step 15 rerouted s0015-w014-g010-q14_20 (q14 QPU3 -> q20 QPU2): 3-2 -> 3-0-2, cost 132.84 -> 243.70
2026-09-23 16:21:00,578 INFO run.814373.135599821542736.rerouting: step 15 rerouted s0015-w014-g011-q15_19 (q15 QPU2 -> q19 QPU3): 2-3 -> 2-0-3, cost 132.84 -> 243.70
2026-09-23 16:21:00,578 INFO run.814373.135599821542736.rerouting: step 15 link 0-4 utilization 0.80 -> 0.80 after selective rerouting
2026-09-23 16:21:00,578 INFO run.814373.135599821542736.rerouting: step 15 link 1-3 utilization 0.86 -> 0.86 after selective rerouting
2026-09-23 16:21:00,578 INFO run.814373.135599821542736.rerouting: step 15 link 1-4 utilization 0.75 -> 0.50 after selective rerouting
2026-09-23 16:21:00,578 INFO run.814373.135599821542736.rerouting: step 15 link 2-3 utilization 0.86 -> 0.57 after selective rerouting
2026-09-23 16:21:00,578 INFO run.814373.135599821542736.rerouting: step 15 link 2-5 utilization 1.00 -> 1.00 after selective rerouting
2026-09-23 16:21:00,682 INFO run.814373.135599821542736.repartition: step 15 repartition trigger reason=combined (congestion+resource) links=0-4|2-5 affected_qubits=[0, 3, 4, 5, 11, 12, 13, 17, 18, 21, 23]
2026-09-23 16:21:00,682 INFO run.814373.135599821542736.repartition: step 15 evaluated 90 selective candidates; objective 22487.99 -> 22315.06 (communication 18287.99 -> 18065.80, deferred load 21.0 -> 21.0, migration 49.26)
2026-09-23 16:21:00,682 INFO run.814373.135599821542736.repartition: step 15 repartition rejected: improvement_below_margin
2026-09-23 16:21:00,682 INFO run.814373.135599821542736: step 15 deferred 5 communications to queue (hard_capacity); queue length 5
2026-09-23 16:21:00,684 INFO run.814373.135599821542736: step 16 congestion on links 0-2|0-4|1-3|1-4|2-3|2-5 (utilization 0-2:0.67, 0-4:0.80, 1-3:0.86, 1-4:0.75, 2-3:1.00, 2-5:1.00); affected=9 unaffected=0 in_flight_on_congested=7
2026-09-23 16:21:01,763 INFO run.814373.135599821542736.rerouting: step 16 selective rerouting: 9 affected communications on congested links 0-2|0-4|1-3|1-4|2-3|2-5; 0 unaffected communications left untouched
2026-09-23 16:21:01,763 INFO run.814373.135599821542736.rerouting: step 16 block 0: 4 communications, 10 QUBO variables, 5 pairwise capacity conflicts; classical=classical_exhaustive E=2.5817; qaoa=attempted feasible E=2.7526; executed=qaoa E=2.7526 (keep-current E=2.9663); routes changed=1
2026-09-23 16:21:01,763 INFO run.814373.135599821542736.rerouting: step 16 block 1: 4 communications, 10 QUBO variables, 0 pairwise capacity conflicts; classical=classical_exhaustive E=1.7466; qaoa=attempted feasible E=2.3033; executed=qaoa E=2.3033 (keep-current E=2.8367); routes changed=2
2026-09-23 16:21:01,763 INFO run.814373.135599821542736.rerouting: step 16 block 2: 1 communications, 2 QUBO variables, 0 pairwise capacity conflicts; classical=classical_exhaustive E=0.3615; qaoa=attempted feasible E=0.3615; executed=qaoa E=0.3615 (keep-current E=0.3615); routes changed=0
2026-09-23 16:21:01,763 INFO run.814373.135599821542736.rerouting: step 16 rerouted s0016-w015-g005-q6_21 (q6 QPU2 -> q21 QPU4): 2-3-1-4 -> 2-0-4, cost 381.98 -> 274.67
2026-09-23 16:21:01,763 INFO run.814373.135599821542736.rerouting: step 16 rerouted s0016-w015-g007-q9_12 (q9 QPU1 -> q12 QPU0): 1-4-0 -> 1-3-0, cost 243.30 -> 245.53
2026-09-23 16:21:01,763 INFO run.814373.135599821542736.rerouting: step 16 rerouted s0016-w015-g011-q20_23 (q20 QPU2 -> q23 QPU1): 2-3-1 -> 2-0-3-1, cost 278.02 -> 379.95
2026-09-23 16:21:01,763 INFO run.814373.135599821542736.rerouting: step 16 link 0-2 utilization 0.67 -> 0.89 after selective rerouting
2026-09-23 16:21:01,763 INFO run.814373.135599821542736.rerouting: step 16 link 0-4 utilization 0.80 -> 0.80 after selective rerouting
2026-09-23 16:21:01,763 INFO run.814373.135599821542736.rerouting: step 16 link 1-3 utilization 0.86 -> 0.86 after selective rerouting
2026-09-23 16:21:01,763 INFO run.814373.135599821542736.rerouting: step 16 link 1-4 utilization 0.75 -> 0.50 after selective rerouting
2026-09-23 16:21:01,763 INFO run.814373.135599821542736.rerouting: step 16 link 2-3 utilization 1.00 -> 0.71 after selective rerouting
2026-09-23 16:21:01,763 INFO run.814373.135599821542736.rerouting: step 16 link 2-5 utilization 1.00 -> 1.00 after selective rerouting
2026-09-23 16:21:01,976 INFO run.814373.135599821542736.repartition: step 16 repartition trigger reason=combined (congestion+resource) links=0-2|0-3|0-4|1-3|2-5 affected_qubits=[0, 2, 3, 4, 5, 6, 9, 11, 12, 13, 14, 17, 20, 21, 23]
2026-09-23 16:21:01,976 INFO run.814373.135599821542736.repartition: step 16 evaluated 182 selective candidates; objective 15173.52 -> 14680.01 (communication 10973.52 -> 10919.14, deferred load 21.0 -> 18.0, migration 160.88)
2026-09-23 16:21:01,976 INFO run.814373.135599821542736.repartition: step 16 repartition rejected: improvement_below_margin
2026-09-23 16:21:01,976 INFO run.814373.135599821542736: step 16 deferred 5 communications to queue (hard_capacity); queue length 5
2026-09-23 16:21:01,977 INFO run.814373.135599821542736: step 17 congestion on links 1-3|2-5 (utilization 1-3:0.71, 2-5:1.00); affected=4 unaffected=2 in_flight_on_congested=3
2026-09-23 16:21:02,736 INFO run.814373.135599821542736.rerouting: step 17 selective rerouting: 4 affected communications on congested links 1-3|2-5; 2 unaffected communications left untouched
2026-09-23 16:21:02,736 INFO run.814373.135599821542736.rerouting: step 17 block 0: 3 communications, 11 QUBO variables, 0 pairwise capacity conflicts; classical=classical_exhaustive E=1.6179; qaoa=attempted feasible E=1.6699; executed=qaoa E=1.6699 (keep-current E=1.7966); routes changed=1
2026-09-23 16:21:02,736 INFO run.814373.135599821542736.rerouting: step 17 block 1: 1 communications, 2 QUBO variables, 0 pairwise capacity conflicts; classical=classical_exhaustive E=0.9172; qaoa=attempted feasible E=0.9172; executed=qaoa E=0.9172 (keep-current E=0.9172); routes changed=0
2026-09-23 16:21:02,736 INFO run.814373.135599821542736.rerouting: step 17 rerouted s0014-w013-g008-q13_23 (q13 QPU5 -> q23 QPU1): 5-2-3-1 -> 5-2-0-4-1, cost 278.50 -> 307.94
2026-09-23 16:21:02,736 INFO run.814373.135599821542736.rerouting: step 17 link 1-3 utilization 0.71 -> 0.57 after selective rerouting
2026-09-23 16:21:02,736 INFO run.814373.135599821542736.rerouting: step 17 link 2-5 utilization 1.00 -> 1.00 after selective rerouting
2026-09-23 16:21:02,911 INFO run.814373.135599821542736.repartition: step 17 repartition trigger reason=combined (congestion+resource) links=0-4|2-5 affected_qubits=[0, 1, 2, 3, 4, 5, 6, 10, 11, 12, 13, 14, 17, 23]
2026-09-23 16:21:02,911 INFO run.814373.135599821542736.repartition: step 17 evaluated 154 selective candidates; objective 13905.42 -> 13155.83 (communication 9305.42 -> 9989.57, deferred load 23.0 -> 15.0, migration 166.27)
2026-09-23 16:21:02,911 INFO run.814373.135599821542736.repartition: step 17 accepted swap of qubits [10, 11]: QPU [0, 5] -> QPU [5, 0]
2026-09-23 16:21:02,911 INFO run.814373.135599821542736.repartition: step 17 accepted swap of qubits [0, 17]: QPU [2, 0] -> QPU [0, 2]
2026-09-23 16:21:02,911 INFO run.814373.135599821542736.repartition: step 17 link 0-4 projected peak utilization 0.80 -> 0.80
2026-09-23 16:21:02,911 INFO run.814373.135599821542736.repartition: step 17 link 2-5 projected peak utilization 1.00 -> 1.00
2026-09-23 16:21:02,911 INFO run.814373.135599821542736.repartition: step 17 moved qubits [0, 10, 11, 17]; new partition {0: [0, 3, 11, 12], 1: [1, 7, 9, 23], 2: [6, 15, 17, 20], 3: [14, 16, 19, 22], 4: [2, 8, 18, 21], 5: [4, 5, 10, 13]}
2026-09-23 16:21:02,911 INFO run.814373.135599821542736: step 17 deferred 7 communications to queue (hard_capacity); queue length 7
2026-09-23 16:21:02,912 INFO run.814373.135599821542736: step 18 congestion on links 2-3|2-5 (utilization 2-3:0.67, 2-5:1.00); affected=4 unaffected=2 in_flight_on_congested=2
2026-09-23 16:21:03,264 INFO run.814373.135599821542736.rerouting: step 18 selective rerouting: 4 affected communications on congested links 2-3|2-5; 2 unaffected communications left untouched
2026-09-23 16:21:03,264 INFO run.814373.135599821542736.rerouting: step 18 block 0: 4 communications, 9 QUBO variables, 0 pairwise capacity conflicts; classical=classical_exhaustive E=2.4369; qaoa=attempted feasible E=2.4369; executed=qaoa E=2.4369 (keep-current E=3.0120); routes changed=1
2026-09-23 16:21:03,264 INFO run.814373.135599821542736.rerouting: step 18 rerouted s0017-w000-g001-q1_13 (q1 QPU1 -> q13 QPU5): 1-3-2-5 -> 1-3-0-2-5, cost 271.51 -> 251.81
2026-09-23 16:21:03,264 INFO run.814373.135599821542736.rerouting: step 18 link 2-3 utilization 0.67 -> 0.50 after selective rerouting
2026-09-23 16:21:03,264 INFO run.814373.135599821542736.rerouting: step 18 link 2-5 utilization 1.00 -> 1.00 after selective rerouting
2026-09-23 16:21:03,264 INFO run.814373.135599821542736.repartition: step 18 trigger 'congestion+resource' suppressed by cooldown (last repartition at step 17)
2026-09-23 16:21:03,264 INFO run.814373.135599821542736: step 18 deferred 3 communications to queue (hard_capacity); queue length 3
2026-09-23 16:21:03,265 INFO run.814373.135599821542736: step 19 congestion on links 2-5 (utilization 2-5:1.00); affected=2 unaffected=5 in_flight_on_congested=2
2026-09-23 16:21:03,395 INFO run.814373.135599821542736.rerouting: step 19 selective rerouting: 2 affected communications on congested links 2-5; 5 unaffected communications left untouched
2026-09-23 16:21:03,395 INFO run.814373.135599821542736.rerouting: step 19 block 0: 2 communications, 3 QUBO variables, 0 pairwise capacity conflicts; classical=classical_exhaustive E=1.7384; qaoa=attempted feasible E=1.7384; executed=qaoa E=1.7384 (keep-current E=1.7384); routes changed=0
2026-09-23 16:21:03,395 INFO run.814373.135599821542736.rerouting: step 19 link 2-5 utilization 1.00 -> 1.00 after selective rerouting
2026-09-23 16:21:03,395 INFO run.814373.135599821542736.repartition: step 19 trigger 'congestion+resource' suppressed by cooldown (last repartition at step 17)
2026-09-23 16:21:03,396 INFO run.814373.135599821542736: step 19 deferred 5 communications to queue (hard_capacity); queue length 5
2026-09-23 16:21:03,397 INFO run.814373.135599821542736: step 20 congestion on links 0-4|1-3|2-5 (utilization 0-4:0.75, 1-3:0.67, 2-5:1.00); affected=7 unaffected=1 in_flight_on_congested=2
2026-09-23 16:21:04,292 INFO run.814373.135599821542736.rerouting: step 20 selective rerouting: 7 affected communications on congested links 0-4|1-3|2-5; 1 unaffected communications left untouched
2026-09-23 16:21:04,292 INFO run.814373.135599821542736.rerouting: step 20 block 0: 3 communications, 10 QUBO variables, 0 pairwise capacity conflicts; classical=classical_exhaustive E=1.7272; qaoa=attempted feasible E=1.7301; executed=qaoa E=1.7301 (keep-current E=2.2186); routes changed=2
2026-09-23 16:21:04,292 INFO run.814373.135599821542736.rerouting: step 20 block 1: 4 communications, 9 QUBO variables, 0 pairwise capacity conflicts; classical=classical_exhaustive E=3.3509; qaoa=attempted feasible E=3.3509; executed=qaoa E=3.3509 (keep-current E=3.4268); routes changed=1
2026-09-23 16:21:04,292 INFO run.814373.135599821542736.rerouting: step 20 rerouted s0018-w001-g008-q8_13 (q8 QPU4 -> q13 QPU5): 4-0-2-5 -> 4-1-3-2-5, cost 311.46 -> 299.77
2026-09-23 16:21:04,292 INFO run.814373.135599821542736.rerouting: step 20 rerouted s0020-w003-g005-q6_23 (q6 QPU2 -> q23 QPU1): 2-3-1 -> 2-0-3-1, cost 124.39 -> 174.41
2026-09-23 16:21:04,292 INFO run.814373.135599821542736.rerouting: step 20 rerouted s0020-w003-g006-q8_14 (q8 QPU4 -> q14 QPU3): 4-1-3 -> 4-0-3, cost 133.14 -> 166.23
2026-09-23 16:21:04,292 INFO run.814373.135599821542736.rerouting: step 20 link 0-4 utilization 0.75 -> 0.75 after selective rerouting
2026-09-23 16:21:04,292 INFO run.814373.135599821542736.rerouting: step 20 link 1-3 utilization 0.67 -> 0.67 after selective rerouting
2026-09-23 16:21:04,292 INFO run.814373.135599821542736.rerouting: step 20 link 2-5 utilization 1.00 -> 1.00 after selective rerouting
2026-09-23 16:21:04,417 INFO run.814373.135599821542736.repartition: step 20 repartition trigger reason=combined (congestion+resource) links=2-5 affected_qubits=[2, 3, 4, 5, 8, 9, 10, 11, 12, 13, 18, 22]
2026-09-23 16:21:04,417 INFO run.814373.135599821542736.repartition: step 20 evaluated 108 selective candidates; objective 17498.23 -> 17190.67 (communication 13298.23 -> 13080.18, deferred load 21.0 -> 20.0, migration 110.48)
2026-09-23 16:21:04,417 INFO run.814373.135599821542736.repartition: step 20 repartition rejected: improvement_below_margin
2026-09-23 16:21:04,417 INFO run.814373.135599821542736: step 20 deferred 6 communications to queue (hard_capacity); queue length 6
2026-09-23 16:21:04,419 INFO run.814373.135599821542736: step 21 congestion on links 0-4|1-3|2-3|2-5 (utilization 0-4:1.00, 1-3:1.00, 2-3:0.83, 2-5:1.00); affected=7 unaffected=0 in_flight_on_congested=4
2026-09-23 16:21:04,958 INFO run.814373.135599821542736.rerouting: step 21 selective rerouting: 7 affected communications on congested links 0-4|1-3|2-3|2-5; 0 unaffected communications left untouched
2026-09-23 16:21:04,958 INFO run.814373.135599821542736.rerouting: step 21 block 0: 3 communications, 4 QUBO variables, 0 pairwise capacity conflicts; classical=classical_exhaustive E=5.6007; qaoa=attempted feasible E=5.6007; executed=qaoa E=5.6007 (keep-current E=5.6007); routes changed=0
2026-09-23 16:21:04,958 INFO run.814373.135599821542736.rerouting: step 21 block 1: 3 communications, 6 QUBO variables, 0 pairwise capacity conflicts; classical=classical_exhaustive E=4.4483; qaoa=attempted feasible E=4.4483; executed=qaoa E=4.4483 (keep-current E=6.6178); routes changed=1
2026-09-23 16:21:04,958 INFO run.814373.135599821542736.rerouting: step 21 block 2: 1 communications, 2 QUBO variables, 0 pairwise capacity conflicts; classical=classical_exhaustive E=0.8555; qaoa=attempted feasible E=0.8555; executed=qaoa E=0.8555 (keep-current E=0.8555); routes changed=0
2026-09-23 16:21:04,958 INFO run.814373.135599821542736.rerouting: step 21 rerouted s0019-w002-g009-q10_18 (q10 QPU5 -> q18 QPU4): 5-2-3-1-4 -> 5-2-0-3-1-4, cost 440.58 -> 397.49
2026-09-23 16:21:04,958 INFO run.814373.135599821542736.rerouting: step 21 link 0-4 utilization 1.00 -> 1.00 after selective rerouting
2026-09-23 16:21:04,958 INFO run.814373.135599821542736.rerouting: step 21 link 1-3 utilization 1.00 -> 1.00 after selective rerouting
2026-09-23 16:21:04,958 INFO run.814373.135599821542736.rerouting: step 21 link 2-3 utilization 0.83 -> 0.67 after selective rerouting
2026-09-23 16:21:04,958 INFO run.814373.135599821542736.rerouting: step 21 link 2-5 utilization 1.00 -> 1.00 after selective rerouting
2026-09-23 16:21:05,502 INFO run.814373.135599821542736.repartition: step 21 repartition trigger reason=combined (congestion+resource) links=0-4|1-3|2-5 affected_qubits=[0, 1, 2, 3, 4, 5, 6, 7, 8, 9, 10, 11, 12, 13, 14, 15, 16, 17, 18, 19, 20, 21, 22, 23]
2026-09-23 16:21:05,503 INFO run.814373.135599821542736.repartition: step 21 evaluated 480 selective candidates; objective 21243.46 -> 20087.22 (communication 17243.46 -> 16129.07, deferred load 20.0 -> 19.0, migration 158.15)
2026-09-23 16:21:05,503 INFO run.814373.135599821542736.repartition: step 21 accepted swap of qubits [0, 10]: QPU [0, 5] -> QPU [5, 0]
2026-09-23 16:21:05,503 INFO run.814373.135599821542736.repartition: step 21 accepted swap of qubits [21, 23]: QPU [4, 1] -> QPU [1, 4]
2026-09-23 16:21:05,503 INFO run.814373.135599821542736.repartition: step 21 link 0-4 projected peak utilization 1.00 -> 1.00
2026-09-23 16:21:05,503 INFO run.814373.135599821542736.repartition: step 21 link 1-3 projected peak utilization 1.00 -> 1.00
2026-09-23 16:21:05,503 INFO run.814373.135599821542736.repartition: step 21 link 2-5 projected peak utilization 1.00 -> 1.00
2026-09-23 16:21:05,503 INFO run.814373.135599821542736.repartition: step 21 moved qubits [0, 10, 21, 23]; new partition {0: [3, 10, 11, 12], 1: [1, 7, 9, 21], 2: [6, 15, 17, 20], 3: [14, 16, 19, 22], 4: [2, 8, 18, 23], 5: [0, 4, 5, 13]}
2026-09-23 16:21:05,503 INFO run.814373.135599821542736: step 21 deferred 11 communications to queue (hard_capacity); queue length 11
2026-09-23 16:21:05,504 INFO run.814373.135599821542736: step 22 congestion on links 0-4|1-3|1-4|2-3|2-5 (utilization 0-4:1.00, 1-3:1.00, 1-4:1.00, 2-3:0.67, 2-5:1.00); affected=7 unaffected=2 in_flight_on_congested=5
2026-09-23 16:21:06,687 INFO run.814373.135599821542736.rerouting: step 22 selective rerouting: 7 affected communications on congested links 0-4|1-3|1-4|2-3|2-5; 2 unaffected communications left untouched
2026-09-23 16:21:06,687 INFO run.814373.135599821542736.rerouting: step 22 block 0: 3 communications, 12 QUBO variables, 12 pairwise capacity conflicts; classical=classical_exhaustive E=3.0198; qaoa=attempted feasible E=3.0198; executed=qaoa E=3.0198 (keep-current E=4.9089); routes changed=3
2026-09-23 16:21:06,687 INFO run.814373.135599821542736.rerouting: step 22 block 1: 4 communications, 6 QUBO variables, 0 pairwise capacity conflicts; classical=classical_exhaustive E=2.4461; qaoa=attempted feasible E=2.4461; executed=qaoa E=2.4461 (keep-current E=2.4461); routes changed=0
2026-09-23 16:21:06,687 INFO run.814373.135599821542736.rerouting: step 22 rerouted s0020-w003-g002-q2_4 (q2 QPU4 -> q4 QPU5): 4-1-3-2-5 -> 4-0-2-5, cost 535.12 -> 351.30
2026-09-23 16:21:06,687 INFO run.814373.135599821542736.rerouting: step 22 rerouted s0020-w003-g009-q13_18 (q13 QPU5 -> q18 QPU4): 5-2-3-1-4 -> 5-2-0-3-1-4, cost 535.12 -> 484.85
2026-09-23 16:21:06,687 INFO run.814373.135599821542736.rerouting: step 22 rerouted s0021-w004-g011-q20_21 (q20 QPU2 -> q21 QPU1): 2-0-4-1 -> 2-3-1, cost 354.50 -> 180.49
2026-09-23 16:21:06,687 INFO run.814373.135599821542736.rerouting: step 22 link 0-4 utilization 1.00 -> 1.00 after selective rerouting
2026-09-23 16:21:06,687 INFO run.814373.135599821542736.rerouting: step 22 link 1-3 utilization 1.00 -> 1.00 after selective rerouting
2026-09-23 16:21:06,687 INFO run.814373.135599821542736.rerouting: step 22 link 1-4 utilization 1.00 -> 0.78 after selective rerouting
2026-09-23 16:21:06,688 INFO run.814373.135599821542736.rerouting: step 22 link 2-3 utilization 0.67 -> 0.50 after selective rerouting
2026-09-23 16:21:06,688 INFO run.814373.135599821542736.rerouting: step 22 link 2-5 utilization 1.00 -> 1.00 after selective rerouting
2026-09-23 16:21:06,688 INFO run.814373.135599821542736.repartition: step 22 trigger 'congestion+resource' suppressed by cooldown (last repartition at step 21)
2026-09-23 16:21:06,688 INFO run.814373.135599821542736: step 22 deferred 7 communications to queue (hard_capacity); queue length 7
2026-09-23 16:21:06,689 INFO run.814373.135599821542736: step 23 congestion on links 0-2|0-4|1-3|1-4|2-5 (utilization 0-2:0.78, 0-4:1.00, 1-3:1.00, 1-4:0.89, 2-5:1.00); affected=6 unaffected=1 in_flight_on_congested=5
2026-09-23 16:21:07,143 INFO run.814373.135599821542736.rerouting: step 23 selective rerouting: 6 affected communications on congested links 0-2|0-4|1-3|1-4|2-5; 1 unaffected communications left untouched
2026-09-23 16:21:07,143 INFO run.814373.135599821542736.rerouting: step 23 block 0: 3 communications, 6 QUBO variables, 0 pairwise capacity conflicts; classical=classical_exhaustive E=10.5662; qaoa=attempted feasible E=10.5662; executed=qaoa E=10.5662 (keep-current E=15.1054); routes changed=1
2026-09-23 16:21:07,143 INFO run.814373.135599821542736.rerouting: step 23 block 1: 3 communications, 4 QUBO variables, 0 pairwise capacity conflicts; classical=classical_exhaustive E=2.2695; qaoa=attempted feasible E=2.2695; executed=qaoa E=2.2695 (keep-current E=2.2695); routes changed=0
2026-09-23 16:21:07,143 INFO run.814373.135599821542736.rerouting: step 23 rerouted s0023-w006-g001-q1_20 (q1 QPU1 -> q20 QPU2): 1-4-0-2 -> 1-4-0-3-2, cost 429.46 -> 357.50
2026-09-23 16:21:07,143 INFO run.814373.135599821542736.rerouting: step 23 link 0-2 utilization 0.78 -> 0.67 after selective rerouting
2026-09-23 16:21:07,143 INFO run.814373.135599821542736.rerouting: step 23 link 0-4 utilization 1.00 -> 1.00 after selective rerouting
2026-09-23 16:21:07,143 INFO run.814373.135599821542736.rerouting: step 23 link 1-3 utilization 1.00 -> 1.00 after selective rerouting
2026-09-23 16:21:07,143 INFO run.814373.135599821542736.rerouting: step 23 link 1-4 utilization 0.89 -> 0.89 after selective rerouting
2026-09-23 16:21:07,143 INFO run.814373.135599821542736.rerouting: step 23 link 2-5 utilization 1.00 -> 1.00 after selective rerouting
2026-09-23 16:21:07,143 INFO run.814373.135599821542736.repartition: step 23 trigger 'congestion+resource' suppressed by cooldown (last repartition at step 21)
2026-09-23 16:21:07,144 INFO run.814373.135599821542736: step 23 deferred 8 communications to queue (hard_capacity); queue length 8
2026-09-23 16:21:07,146 INFO run.814373.135599821542736: step 24 congestion on links 0-4|1-3|1-4|2-3|2-5 (utilization 0-4:1.00, 1-3:0.67, 1-4:0.78, 2-3:0.83, 2-5:1.00); affected=6 unaffected=1 in_flight_on_congested=6
2026-09-23 16:21:07,549 INFO run.814373.135599821542736.rerouting: step 24 selective rerouting: 6 affected communications on congested links 0-4|1-3|1-4|2-3|2-5; 1 unaffected communications left untouched
2026-09-23 16:21:07,549 INFO run.814373.135599821542736.rerouting: step 24 block 0: 4 communications, 7 QUBO variables, 0 pairwise capacity conflicts; classical=classical_exhaustive E=3.6883; qaoa=attempted feasible E=3.6883; executed=qaoa E=3.6883 (keep-current E=3.6883); routes changed=0
2026-09-23 16:21:07,549 INFO run.814373.135599821542736.rerouting: step 24 block 1: 2 communications, 4 QUBO variables, 0 pairwise capacity conflicts; classical=classical_exhaustive E=0.8766; qaoa=attempted feasible E=0.8766; executed=qaoa E=0.8766 (keep-current E=0.8766); routes changed=0
2026-09-23 16:21:07,549 INFO run.814373.135599821542736.rerouting: step 24 link 0-4 utilization 1.00 -> 1.00 after selective rerouting
2026-09-23 16:21:07,549 INFO run.814373.135599821542736.rerouting: step 24 link 1-3 utilization 0.67 -> 0.67 after selective rerouting
2026-09-23 16:21:07,549 INFO run.814373.135599821542736.rerouting: step 24 link 1-4 utilization 0.78 -> 0.78 after selective rerouting
2026-09-23 16:21:07,549 INFO run.814373.135599821542736.rerouting: step 24 link 2-3 utilization 0.83 -> 0.83 after selective rerouting
2026-09-23 16:21:07,549 INFO run.814373.135599821542736.rerouting: step 24 link 2-5 utilization 1.00 -> 1.00 after selective rerouting
2026-09-23 16:21:07,828 INFO run.814373.135599821542736.repartition: step 24 repartition trigger reason=combined (congestion+resource) links=1-3|1-4|2-5 affected_qubits=[0, 1, 3, 4, 5, 6, 7, 8, 9, 10, 11, 12, 13, 14, 15, 21, 23]
2026-09-23 16:21:07,828 INFO run.814373.135599821542736.repartition: step 24 evaluated 232 selective candidates; objective 18766.02 -> 17690.95 (communication 15566.02 -> 15100.85, deferred load 16.0 -> 12.0, migration 190.10)
2026-09-23 16:21:07,828 INFO run.814373.135599821542736.repartition: step 24 accepted swap of qubits [1, 6]: QPU [1, 2] -> QPU [2, 1]
2026-09-23 16:21:07,828 INFO run.814373.135599821542736.repartition: step 24 accepted swap of qubits [0, 11]: QPU [5, 0] -> QPU [0, 5]
2026-09-23 16:21:07,828 INFO run.814373.135599821542736.repartition: step 24 link 1-3 projected peak utilization 1.00 -> 1.00
2026-09-23 16:21:07,828 INFO run.814373.135599821542736.repartition: step 24 link 1-4 projected peak utilization 0.78 -> 0.78
2026-09-23 16:21:07,828 INFO run.814373.135599821542736.repartition: step 24 link 2-5 projected peak utilization 1.00 -> 1.00
2026-09-23 16:21:07,828 INFO run.814373.135599821542736.repartition: step 24 moved qubits [0, 1, 6, 11]; new partition {0: [0, 3, 10, 12], 1: [6, 7, 9, 21], 2: [1, 15, 17, 20], 3: [14, 16, 19, 22], 4: [2, 8, 18, 23], 5: [4, 5, 11, 13]}
2026-09-23 16:21:07,828 INFO run.814373.135599821542736: step 24 deferred 10 communications to queue (hard_capacity); queue length 10
2026-09-23 16:21:07,829 INFO run.814373.135599821542736: step 25 congestion on links 0-4|1-3|2-3|2-5 (utilization 0-4:1.00, 1-3:1.00, 2-3:1.00, 2-5:1.00); affected=9 unaffected=2 in_flight_on_congested=5
2026-09-23 16:21:08,687 INFO run.814373.135599821542736.rerouting: step 25 selective rerouting: 9 affected communications on congested links 0-4|1-3|2-3|2-5; 2 unaffected communications left untouched
2026-09-23 16:21:08,687 INFO run.814373.135599821542736.rerouting: step 25 block 0: 3 communications, 10 QUBO variables, 8 pairwise capacity conflicts; classical=classical_exhaustive E=1.8680; qaoa=attempted feasible E=2.3558; executed=qaoa E=2.3558 (keep-current E=2.1621); routes changed=2
2026-09-23 16:21:08,687 INFO run.814373.135599821542736.rerouting: step 25 block 1: 4 communications, 6 QUBO variables, 0 pairwise capacity conflicts; classical=classical_exhaustive E=3.3653; qaoa=attempted feasible E=3.3653; executed=qaoa E=3.3653 (keep-current E=3.3653); routes changed=0
2026-09-23 16:21:08,687 INFO run.814373.135599821542736.rerouting: step 25 block 2: 2 communications, 4 QUBO variables, 0 pairwise capacity conflicts; classical=classical_exhaustive E=1.0725; qaoa=attempted feasible E=1.0725; executed=qaoa E=1.0725 (keep-current E=1.0725); routes changed=0
2026-09-23 16:21:08,687 INFO run.814373.135599821542736.rerouting: step 25 rerouted s0022-w005-g000-q0_8 (q0 QPU0 -> q8 QPU4): 0-4 -> 0-3-1-4, cost 177.25 -> 304.37
2026-09-23 16:21:08,687 INFO run.814373.135599821542736.rerouting: step 25 rerouted s0023-w006-g005-q5_7 (q5 QPU5 -> q7 QPU1): 5-2-3-1 -> 5-2-0-4-1, cost 442.79 -> 530.77
2026-09-23 16:21:08,687 INFO run.814373.135599821542736.rerouting: step 25 link 0-4 utilization 1.00 -> 1.00 after selective rerouting
2026-09-23 16:21:08,687 INFO run.814373.135599821542736.rerouting: step 25 link 1-3 utilization 1.00 -> 1.00 after selective rerouting
2026-09-23 16:21:08,687 INFO run.814373.135599821542736.rerouting: step 25 link 2-3 utilization 1.00 -> 0.83 after selective rerouting
2026-09-23 16:21:08,687 INFO run.814373.135599821542736.rerouting: step 25 link 2-5 utilization 1.00 -> 1.00 after selective rerouting
2026-09-23 16:21:08,687 INFO run.814373.135599821542736.repartition: step 25 trigger 'congestion+resource' suppressed by cooldown (last repartition at step 24)
2026-09-23 16:21:08,687 INFO run.814373.135599821542736: step 25 deferred 4 communications to queue (hard_capacity); queue length 4
2026-09-23 16:21:08,688 INFO run.814373.135599821542736: step 26 congestion on links 0-4|1-3|2-5 (utilization 0-4:0.75, 1-3:1.00, 2-5:1.00); affected=8 unaffected=1 in_flight_on_congested=3
2026-09-23 16:21:09,637 INFO run.814373.135599821542736.rerouting: step 26 selective rerouting: 8 affected communications on congested links 0-4|1-3|2-5; 1 unaffected communications left untouched
2026-09-23 16:21:09,637 INFO run.814373.135599821542736.rerouting: step 26 block 0: 4 communications, 10 QUBO variables, 0 pairwise capacity conflicts; classical=classical_exhaustive E=3.4748; qaoa=attempted feasible E=3.4748; executed=qaoa E=3.4748 (keep-current E=3.8686); routes changed=2
2026-09-23 16:21:09,637 INFO run.814373.135599821542736.rerouting: step 26 block 1: 4 communications, 10 QUBO variables, 5 pairwise capacity conflicts; classical=classical_exhaustive E=3.0555; qaoa=attempted feasible E=3.0555; executed=qaoa E=3.0555 (keep-current E=3.1327); routes changed=1
2026-09-23 16:21:09,637 INFO run.814373.135599821542736.rerouting: step 26 rerouted s0026-w009-g000-q0_6 (q0 QPU0 -> q6 QPU1): 0-3-1 -> 0-4-1, cost 196.38 -> 198.86
2026-09-23 16:21:09,637 INFO run.814373.135599821542736.rerouting: step 26 rerouted s0026-w009-g005-q7_12 (q7 QPU1 -> q12 QPU0): 1-3-0 -> 1-4-0, cost 196.38 -> 198.86
2026-09-23 16:21:09,638 INFO run.814373.135599821542736.rerouting: step 26 rerouted s0026-w009-g007-q9_16 (q9 QPU1 -> q16 QPU3): 1-4-0-3 -> 1-3, cost 186.62 -> 137.01
2026-09-23 16:21:09,638 INFO run.814373.135599821542736.rerouting: step 26 link 0-4 utilization 0.75 -> 1.00 after selective rerouting
2026-09-23 16:21:09,638 INFO run.814373.135599821542736.rerouting: step 26 link 1-3 utilization 1.00 -> 0.83 after selective rerouting
2026-09-23 16:21:09,638 INFO run.814373.135599821542736.rerouting: step 26 link 2-5 utilization 1.00 -> 1.00 after selective rerouting
2026-09-23 16:21:09,638 INFO run.814373.135599821542736.repartition: step 26 trigger 'congestion+resource' suppressed by cooldown (last repartition at step 24)
2026-09-23 16:21:09,638 INFO run.814373.135599821542736: step 26 deferred 2 communications to queue (hard_capacity); queue length 2
2026-09-23 16:21:09,638 INFO run.814373.135599821542736: step 27 congestion on links 0-4|2-5 (utilization 0-4:1.00, 2-5:1.00); affected=4 unaffected=5 in_flight_on_congested=3
2026-09-23 16:21:09,843 INFO run.814373.135599821542736.rerouting: step 27 selective rerouting: 4 affected communications on congested links 0-4|2-5; 5 unaffected communications left untouched
2026-09-23 16:21:09,843 INFO run.814373.135599821542736.rerouting: step 27 block 0: 4 communications, 6 QUBO variables, 0 pairwise capacity conflicts; classical=classical_exhaustive E=6.9509; qaoa=attempted feasible E=6.9509; executed=qaoa E=6.9509 (keep-current E=7.0702); routes changed=1
2026-09-23 16:21:09,843 INFO run.814373.135599821542736.rerouting: step 27 rerouted s0027-w010-g003-q3_18 (q3 QPU0 -> q18 QPU4): 0-4 -> 0-3-1-4, cost 177.28 -> 156.28
2026-09-23 16:21:09,843 INFO run.814373.135599821542736.rerouting: step 27 link 0-4 utilization 1.00 -> 0.75 after selective rerouting
2026-09-23 16:21:09,843 INFO run.814373.135599821542736.rerouting: step 27 link 2-5 utilization 1.00 -> 1.00 after selective rerouting
2026-09-23 16:21:09,887 INFO run.814373.135599821542736.repartition: step 27 repartition trigger reason=combined (congestion+resource) links=2-5 affected_qubits=[0, 5, 11, 13, 17, 20, 22]
2026-09-23 16:21:09,888 INFO run.814373.135599821542736.repartition: step 27 evaluated 34 selective candidates; objective 11594.47 -> 11377.71 (communication 9994.47 -> 9898.77, deferred load 8.0 -> 7.0, migration 78.94)
2026-09-23 16:21:09,888 INFO run.814373.135599821542736.repartition: step 27 repartition rejected: improvement_below_margin
2026-09-23 16:21:09,888 INFO run.814373.135599821542736: step 27 deferred 1 communications to queue (hard_capacity); queue length 1
2026-09-23 16:21:09,889 INFO run.814373.135599821542736: step 28 congestion on links 1-3|2-5 (utilization 1-3:0.71, 2-5:1.00); affected=7 unaffected=3 in_flight_on_congested=2
2026-09-23 16:21:10,774 INFO run.814373.135599821542736.rerouting: step 28 selective rerouting: 7 affected communications on congested links 1-3|2-5; 3 unaffected communications left untouched
2026-09-23 16:21:10,774 INFO run.814373.135599821542736.rerouting: step 28 block 0: 3 communications, 11 QUBO variables, 0 pairwise capacity conflicts; classical=classical_exhaustive E=1.8186; qaoa=attempted feasible E=2.2858; executed=qaoa E=2.2858 (keep-current E=2.3321); routes changed=1
2026-09-23 16:21:10,774 INFO run.814373.135599821542736.rerouting: step 28 block 1: 4 communications, 7 QUBO variables, 0 pairwise capacity conflicts; classical=classical_exhaustive E=9.8296; qaoa=attempted feasible E=10.5001; executed=qaoa E=10.5001 (keep-current E=9.8296); routes changed=1
2026-09-23 16:21:10,774 INFO run.814373.135599821542736.rerouting: step 28 rerouted s0028-w011-g007-q8_15 (q8 QPU4 -> q15 QPU2): 4-1-3-2 -> 4-0-3-2, cost 153.51 -> 101.32
2026-09-23 16:21:10,774 INFO run.814373.135599821542736.rerouting: step 28 rerouted s0028-w011-g008-q9_22 (q9 QPU1 -> q22 QPU3): 1-3 -> 1-4-0-3, cost 115.96 -> 107.09
2026-09-23 16:21:10,774 INFO run.814373.135599821542736.rerouting: step 28 link 1-3 utilization 0.71 -> 0.43 after selective rerouting
2026-09-23 16:21:10,774 INFO run.814373.135599821542736.rerouting: step 28 link 2-5 utilization 1.00 -> 1.00 after selective rerouting
2026-09-23 16:21:10,787 INFO run.814373.135599821542736.repartition: step 28 repartition trigger reason=congestion (congestion) links=2-5 affected_qubits=[0, 1, 11, 13, 22]
2026-09-23 16:21:10,787 INFO run.814373.135599821542736.repartition: step 28 evaluated 9 selective candidates; objective 12839.09 -> 12839.09 (communication 11239.09 -> 11239.09, deferred load 8.0 -> 8.0, migration 0.00)
2026-09-23 16:21:10,787 INFO run.814373.135599821542736.repartition: step 28 repartition rejected: no_improving_selective_move
2026-09-23 16:21:10,788 INFO run.814373.135599821542736: step 29 congestion on links 1-3|1-4|2-5 (utilization 1-3:1.00, 1-4:0.62, 2-5:1.00); affected=7 unaffected=1 in_flight_on_congested=3
2026-09-23 16:21:11,641 INFO run.814373.135599821542736.rerouting: step 29 selective rerouting: 7 affected communications on congested links 1-3|1-4|2-5; 1 unaffected communications left untouched
2026-09-23 16:21:11,641 INFO run.814373.135599821542736.rerouting: step 29 block 0: 3 communications, 11 QUBO variables, 0 pairwise capacity conflicts; classical=classical_exhaustive E=2.7862; qaoa=attempted feasible E=3.1518; executed=qaoa E=3.1518 (keep-current E=4.5565); routes changed=2
2026-09-23 16:21:11,641 INFO run.814373.135599821542736.rerouting: step 29 block 1: 4 communications, 5 QUBO variables, 0 pairwise capacity conflicts; classical=classical_exhaustive E=2.0757; qaoa=attempted feasible E=2.0757; executed=qaoa E=2.0757 (keep-current E=2.0757); routes changed=0
2026-09-23 16:21:11,641 INFO run.814373.135599821542736.rerouting: step 29 rerouted s0029-w012-g002-q2_5 (q2 QPU4 -> q5 QPU5): 4-1-3-2-5 -> 4-0-2-5, cost 409.87 -> 357.79
2026-09-23 16:21:11,641 INFO run.814373.135599821542736.rerouting: step 29 rerouted s0029-w012-g004-q4_18 (q4 QPU5 -> q18 QPU4): 5-2-3-1-4 -> 5-2-0-4, cost 409.87 -> 357.79
2026-09-23 16:21:11,641 INFO run.814373.135599821542736.rerouting: step 29 link 1-3 utilization 1.00 -> 0.71 after selective rerouting
2026-09-23 16:21:11,642 INFO run.814373.135599821542736.rerouting: step 29 link 1-4 utilization 0.62 -> 0.38 after selective rerouting
2026-09-23 16:21:11,642 INFO run.814373.135599821542736.rerouting: step 29 link 2-5 utilization 1.00 -> 1.00 after selective rerouting
2026-09-23 16:21:11,657 INFO run.814373.135599821542736.repartition: step 29 repartition trigger reason=congestion (congestion) links=2-5 affected_qubits=[2, 4, 5, 9, 11, 18]
2026-09-23 16:21:11,657 INFO run.814373.135599821542736.repartition: step 29 evaluated 11 selective candidates; objective 14788.89 -> 14788.89 (communication 11388.89 -> 11388.89, deferred load 17.0 -> 17.0, migration 0.00)
2026-09-23 16:21:11,657 INFO run.814373.135599821542736.repartition: step 29 repartition rejected: no_improving_selective_move
2026-09-23 16:21:11,657 INFO run.814373.135599821542736: step 29 deferred 1 communications to queue (hard_capacity); queue length 1
2026-09-23 16:21:11,658 INFO run.814373.135599821542736: step 30 congestion on links 0-4|1-4|2-5 (utilization 0-4:1.00, 1-4:0.62, 2-5:1.00); affected=6 unaffected=3 in_flight_on_congested=3
2026-09-23 16:21:12,115 INFO run.814373.135599821542736.rerouting: step 30 selective rerouting: 6 affected communications on congested links 0-4|1-4|2-5; 3 unaffected communications left untouched
2026-09-23 16:21:12,115 INFO run.814373.135599821542736.rerouting: step 30 block 0: 5 communications, 9 QUBO variables, 3 pairwise capacity conflicts; classical=classical_exhaustive E=2.5624; qaoa=attempted feasible E=2.5624; executed=qaoa E=2.5624 (keep-current E=3.6865); routes changed=2
2026-09-23 16:21:12,115 INFO run.814373.135599821542736.rerouting: step 30 block 1: 1 communications, 2 QUBO variables, 0 pairwise capacity conflicts; classical=classical_exhaustive E=0.7147; qaoa=attempted feasible E=0.7147; executed=qaoa E=0.7147 (keep-current E=0.7147); routes changed=0
2026-09-23 16:21:12,115 INFO run.814373.135599821542736.rerouting: step 30 rerouted s0030-w013-g005-q7_12 (q7 QPU1 -> q12 QPU0): 1-4-0 -> 1-3-0, cost 265.32 -> 73.26
2026-09-23 16:21:12,115 INFO run.814373.135599821542736.rerouting: step 30 rerouted s0030-w013-g006-q8_10 (q8 QPU4 -> q10 QPU0): 4-1-3-0 -> 4-0, cost 160.49 -> 178.23
2026-09-23 16:21:12,115 INFO run.814373.135599821542736.rerouting: step 30 link 0-4 utilization 1.00 -> 1.00 after selective rerouting
2026-09-23 16:21:12,115 INFO run.814373.135599821542736.rerouting: step 30 link 1-4 utilization 0.62 -> 0.38 after selective rerouting
2026-09-23 16:21:12,115 INFO run.814373.135599821542736.rerouting: step 30 link 2-5 utilization 1.00 -> 1.00 after selective rerouting
2026-09-23 16:21:12,209 INFO run.814373.135599821542736.repartition: step 30 repartition trigger reason=combined (congestion+resource) links=0-4|2-5 affected_qubits=[0, 3, 4, 5, 8, 10, 11, 13, 20, 21, 23]
2026-09-23 16:21:12,210 INFO run.814373.135599821542736.repartition: step 30 evaluated 90 selective candidates; objective 16690.37 -> 16444.27 (communication 10090.37 -> 10326.24, deferred load 33.0 -> 30.0, migration 118.03)
2026-09-23 16:21:12,210 INFO run.814373.135599821542736.repartition: step 30 repartition rejected: improvement_below_margin
2026-09-23 16:21:12,210 INFO run.814373.135599821542736: step 30 deferred 3 communications to queue (hard_capacity); queue length 3
2026-09-23 16:21:12,211 INFO run.814373.135599821542736: step 31 congestion on links 0-4|1-3|2-5 (utilization 0-4:1.00, 1-3:0.67, 2-5:1.00); affected=5 unaffected=4 in_flight_on_congested=5
2026-09-23 16:21:12,790 INFO run.814373.135599821542736.rerouting: step 31 selective rerouting: 5 affected communications on congested links 0-4|1-3|2-5; 4 unaffected communications left untouched
2026-09-23 16:21:12,790 INFO run.814373.135599821542736.rerouting: step 31 block 0: 4 communications, 10 QUBO variables, 0 pairwise capacity conflicts; classical=classical_exhaustive E=3.9402; qaoa=attempted feasible E=5.0377; executed=qaoa E=5.0377 (keep-current E=3.9402); routes changed=2
2026-09-23 16:21:12,791 INFO run.814373.135599821542736.rerouting: step 31 block 1: 1 communications, 2 QUBO variables, 0 pairwise capacity conflicts; classical=classical_exhaustive E=0.9258; qaoa=attempted feasible E=0.9258; executed=qaoa E=0.9258 (keep-current E=0.9258); routes changed=0
2026-09-23 16:21:12,791 INFO run.814373.135599821542736.rerouting: step 31 rerouted s0031-w014-g000-q0_18 (q0 QPU0 -> q18 QPU4): 0-4 -> 0-3-1-4, cost 182.44 -> 234.51
2026-09-23 16:21:12,791 INFO run.814373.135599821542736.rerouting: step 31 rerouted s0031-w014-g001-q1_7 (q1 QPU2 -> q7 QPU1): 2-3-1 -> 2-0-4-1, cost 124.42 -> 308.91
2026-09-23 16:21:12,791 INFO run.814373.135599821542736.rerouting: step 31 link 0-4 utilization 1.00 -> 1.00 after selective rerouting
2026-09-23 16:21:12,791 INFO run.814373.135599821542736.rerouting: step 31 link 1-3 utilization 0.67 -> 0.67 after selective rerouting
2026-09-23 16:21:12,791 INFO run.814373.135599821542736.rerouting: step 31 link 2-5 utilization 1.00 -> 1.00 after selective rerouting
2026-09-23 16:21:12,905 INFO run.814373.135599821542736.repartition: step 31 repartition trigger reason=combined (congestion+resource) links=0-4|2-5 affected_qubits=[1, 3, 4, 5, 7, 11, 12, 13, 17, 21, 23]
2026-09-23 16:21:12,905 INFO run.814373.135599821542736.repartition: step 31 evaluated 92 selective candidates; objective 15436.00 -> 15256.15 (communication 13236.00 -> 13535.22, deferred load 11.0 -> 8.0, migration 120.93)
2026-09-23 16:21:12,905 INFO run.814373.135599821542736.repartition: step 31 repartition rejected: improvement_below_margin
2026-09-23 16:21:12,905 INFO run.814373.135599821542736: step 31 deferred 4 communications to queue (hard_capacity); queue length 4
2026-09-23 16:21:12,906 INFO run.814373.135599821542736: step 32 congestion on links 0-4|1-3|1-4|2-3|2-5 (utilization 0-4:0.75, 1-3:1.00, 1-4:0.75, 2-3:0.62, 2-5:1.00); affected=9 unaffected=1 in_flight_on_congested=4
2026-09-23 16:21:13,836 INFO run.814373.135599821542736.rerouting: step 32 selective rerouting: 9 affected communications on congested links 0-4|1-3|1-4|2-3|2-5; 1 unaffected communications left untouched
2026-09-23 16:21:13,837 INFO run.814373.135599821542736.rerouting: step 32 block 0: 3 communications, 10 QUBO variables, 0 pairwise capacity conflicts; classical=classical_exhaustive E=2.3646; qaoa=attempted feasible E=2.3646; executed=qaoa E=2.3646 (keep-current E=3.5025); routes changed=1
2026-09-23 16:21:13,837 INFO run.814373.135599821542736.rerouting: step 32 block 1: 3 communications, 6 QUBO variables, 0 pairwise capacity conflicts; classical=classical_exhaustive E=11.6402; qaoa=attempted feasible E=11.6402; executed=qaoa E=11.6402 (keep-current E=11.6402); routes changed=0
2026-09-23 16:21:13,837 INFO run.814373.135599821542736.rerouting: step 32 block 2: 3 communications, 4 QUBO variables, 0 pairwise capacity conflicts; classical=classical_exhaustive E=1.7946; qaoa=attempted feasible E=1.7946; executed=qaoa E=1.7946 (keep-current E=1.7946); routes changed=0
2026-09-23 16:21:13,837 INFO run.814373.135599821542736.rerouting: step 32 rerouted s0030-w013-g008-q13_23 (q13 QPU5 -> q23 QPU4): 5-2-3-1-4 -> 5-2-0-4, cost 494.38 -> 362.63
2026-09-23 16:21:13,837 INFO run.814373.135599821542736.rerouting: step 32 link 0-4 utilization 0.75 -> 1.00 after selective rerouting
2026-09-23 16:21:13,837 INFO run.814373.135599821542736.rerouting: step 32 link 1-3 utilization 1.00 -> 0.83 after selective rerouting
2026-09-23 16:21:13,837 INFO run.814373.135599821542736.rerouting: step 32 link 1-4 utilization 0.75 -> 0.62 after selective rerouting
2026-09-23 16:21:13,837 INFO run.814373.135599821542736.rerouting: step 32 link 2-3 utilization 0.62 -> 0.50 after selective rerouting
2026-09-23 16:21:13,837 INFO run.814373.135599821542736.rerouting: step 32 link 2-5 utilization 1.00 -> 1.00 after selective rerouting
2026-09-23 16:21:14,090 INFO run.814373.135599821542736.repartition: step 32 repartition trigger reason=combined (congestion+resource) links=0-4|1-3|1-4|2-5 affected_qubits=[0, 1, 2, 3, 4, 7, 8, 9, 11, 12, 13, 14, 17, 18, 20, 21, 23]
2026-09-23 16:21:14,090 INFO run.814373.135599821542736.repartition: step 32 evaluated 236 selective candidates; objective 20484.11 -> 19771.55 (communication 17084.11 -> 16272.02, deferred load 17.0 -> 17.0, migration 99.53)
2026-09-23 16:21:14,090 INFO run.814373.135599821542736.repartition: step 32 repartition rejected: improvement_below_margin
2026-09-23 16:21:14,090 INFO run.814373.135599821542736: step 32 deferred 3 communications to queue (hard_capacity); queue length 3
2026-09-23 16:21:14,091 INFO run.814373.135599821542736: step 33 congestion on links 0-4|1-3|1-4|2-5 (utilization 0-4:1.00, 1-3:1.00, 1-4:0.62, 2-5:1.00); affected=5 unaffected=1 in_flight_on_congested=6
2026-09-23 16:21:14,423 INFO run.814373.135599821542736.rerouting: step 33 selective rerouting: 5 affected communications on congested links 0-4|1-3|1-4|2-5; 1 unaffected communications left untouched
2026-09-23 16:21:14,423 INFO run.814373.135599821542736.rerouting: step 33 block 0: 5 communications, 8 QUBO variables, 0 pairwise capacity conflicts; classical=classical_exhaustive E=10.7064; qaoa=attempted feasible E=10.7064; executed=qaoa E=10.7064 (keep-current E=10.7064); routes changed=0
2026-09-23 16:21:14,423 INFO run.814373.135599821542736.rerouting: step 33 link 0-4 utilization 1.00 -> 1.00 after selective rerouting
2026-09-23 16:21:14,423 INFO run.814373.135599821542736.rerouting: step 33 link 1-3 utilization 1.00 -> 1.00 after selective rerouting
2026-09-23 16:21:14,423 INFO run.814373.135599821542736.rerouting: step 33 link 1-4 utilization 0.62 -> 0.62 after selective rerouting
2026-09-23 16:21:14,423 INFO run.814373.135599821542736.rerouting: step 33 link 2-5 utilization 1.00 -> 1.00 after selective rerouting
2026-09-23 16:21:14,575 INFO run.814373.135599821542736.repartition: step 33 repartition trigger reason=combined (congestion+resource) links=1-3|1-4|2-5 affected_qubits=[0, 1, 2, 3, 4, 5, 6, 10, 11, 12, 13, 14, 21, 23]
2026-09-23 16:21:14,575 INFO run.814373.135599821542736.repartition: step 33 evaluated 154 selective candidates; objective 19735.45 -> 19314.23 (communication 12735.45 -> 11985.41, deferred load 35.0 -> 36.0, migration 128.82)
2026-09-23 16:21:14,576 INFO run.814373.135599821542736.repartition: step 33 repartition rejected: improvement_below_margin
2026-09-23 16:21:14,576 INFO run.814373.135599821542736: step 33 deferred 5 communications to queue (hard_capacity); queue length 5
2026-09-23 16:21:14,577 INFO run.814373.135599821542736: step 34 congestion on links 1-3|2-5 (utilization 1-3:1.00, 2-5:1.00); affected=4 unaffected=4 in_flight_on_congested=5
2026-09-23 16:21:14,954 INFO run.814373.135599821542736.rerouting: step 34 selective rerouting: 4 affected communications on congested links 1-3|2-5; 4 unaffected communications left untouched
2026-09-23 16:21:14,954 INFO run.814373.135599821542736.rerouting: step 34 block 0: 4 communications, 9 QUBO variables, 0 pairwise capacity conflicts; classical=classical_exhaustive E=3.1290; qaoa=attempted feasible E=3.1290; executed=qaoa E=3.1290 (keep-current E=3.8393); routes changed=1
2026-09-23 16:21:14,954 INFO run.814373.135599821542736.rerouting: step 34 rerouted s0034-w001-g001-q1_23 (q1 QPU2 -> q23 QPU4): 2-3-1-4 -> 2-0-4, cost 209.50 -> 155.53
2026-09-23 16:21:14,954 INFO run.814373.135599821542736.rerouting: step 34 link 1-3 utilization 1.00 -> 0.80 after selective rerouting
2026-09-23 16:21:14,954 INFO run.814373.135599821542736.rerouting: step 34 link 2-5 utilization 1.00 -> 1.00 after selective rerouting
2026-09-23 16:21:15,183 INFO run.814373.135599821542736.repartition: step 34 repartition trigger reason=combined (congestion+resource) links=0-4|1-3|2-5 affected_qubits=[1, 4, 5, 6, 8, 10, 11, 12, 13, 14, 18, 20, 21, 22, 23]
2026-09-23 16:21:15,183 INFO run.814373.135599821542736.repartition: step 34 evaluated 184 selective candidates; objective 13973.56 -> 12981.78 (communication 12573.56 -> 12273.65, deferred load 7.0 -> 3.0, migration 108.13)
2026-09-23 16:21:15,183 INFO run.814373.135599821542736.repartition: step 34 accepted swap of qubits [10, 11]: QPU [0, 5] -> QPU [5, 0]
2026-09-23 16:21:15,183 INFO run.814373.135599821542736.repartition: step 34 link 0-4 projected peak utilization 0.67 -> 0.67
2026-09-23 16:21:15,183 INFO run.814373.135599821542736.repartition: step 34 link 1-3 projected peak utilization 1.00 -> 1.00
2026-09-23 16:21:15,183 INFO run.814373.135599821542736.repartition: step 34 link 2-5 projected peak utilization 1.00 -> 1.00
2026-09-23 16:21:15,183 INFO run.814373.135599821542736.repartition: step 34 moved qubits [10, 11]; new partition {0: [0, 3, 11, 12], 1: [6, 7, 9, 21], 2: [1, 15, 17, 20], 3: [14, 16, 19, 22], 4: [2, 8, 18, 23], 5: [4, 5, 10, 13]}
2026-09-23 16:21:15,183 INFO run.814373.135599821542736: step 34 deferred 7 communications to queue (hard_capacity); queue length 7
2026-09-23 16:21:15,185 INFO run.814373.135599821542736: step 35 congestion on links 0-4|1-3|2-5 (utilization 0-4:1.00, 1-3:0.80, 2-5:1.00); affected=7 unaffected=1 in_flight_on_congested=1
2026-09-23 16:21:15,998 INFO run.814373.135599821542736.rerouting: step 35 selective rerouting: 7 affected communications on congested links 0-4|1-3|2-5; 1 unaffected communications left untouched
2026-09-23 16:21:15,998 INFO run.814373.135599821542736.rerouting: step 35 block 0: 3 communications, 10 QUBO variables, 8 pairwise capacity conflicts; classical=classical_exhaustive E=2.5755; qaoa=attempted feasible E=2.5755; executed=qaoa E=2.5755 (keep-current E=2.5755); routes changed=0
2026-09-23 16:21:15,998 INFO run.814373.135599821542736.rerouting: step 35 block 1: 4 communications, 8 QUBO variables, 0 pairwise capacity conflicts; classical=classical_exhaustive E=4.1558; qaoa=attempted feasible E=4.1558; executed=qaoa E=4.1558 (keep-current E=4.1835); routes changed=1
2026-09-23 16:21:15,998 INFO run.814373.135599821542736.rerouting: step 35 rerouted s0035-w002-g002-q2_15 (q2 QPU4 -> q15 QPU2): 4-1-3-2 -> 4-1-3-0-2, cost 178.50 -> 226.63
2026-09-23 16:21:15,998 INFO run.814373.135599821542736.rerouting: step 35 link 0-4 utilization 1.00 -> 1.00 after selective rerouting
2026-09-23 16:21:15,998 INFO run.814373.135599821542736.rerouting: step 35 link 1-3 utilization 0.80 -> 0.80 after selective rerouting
2026-09-23 16:21:15,998 INFO run.814373.135599821542736.rerouting: step 35 link 2-5 utilization 1.00 -> 1.00 after selective rerouting
2026-09-23 16:21:15,998 INFO run.814373.135599821542736.repartition: step 35 trigger 'congestion+resource' suppressed by cooldown (last repartition at step 34)
2026-09-23 16:21:15,998 INFO run.814373.135599821542736: step 35 deferred 3 communications to queue (hard_capacity); queue length 3
2026-09-23 16:21:15,999 INFO run.814373.135599821542736: step 36 congestion on links 0-4|1-3|2-5 (utilization 0-4:1.00, 1-3:1.00, 2-5:1.00); affected=3 unaffected=2 in_flight_on_congested=5
2026-09-23 16:21:16,388 INFO run.814373.135599821542736.rerouting: step 36 selective rerouting: 3 affected communications on congested links 0-4|1-3|2-5; 2 unaffected communications left untouched
2026-09-23 16:21:16,388 INFO run.814373.135599821542736.rerouting: step 36 block 0: 3 communications, 9 QUBO variables, 6 pairwise capacity conflicts; classical=classical_exhaustive E=2.3444; qaoa=attempted feasible E=2.3444; executed=qaoa E=2.3444 (keep-current E=2.3447); routes changed=2
2026-09-23 16:21:16,388 INFO run.814373.135599821542736.rerouting: step 36 rerouted s0036-w003-g000-q0_21 (q0 QPU0 -> q21 QPU1): 0-3-1 -> 0-4-1, cost 200.58 -> 213.09
2026-09-23 16:21:16,388 INFO run.814373.135599821542736.rerouting: step 36 rerouted s0036-w003-g001-q1_7 (q1 QPU2 -> q7 QPU1): 2-0-4-1 -> 2-0-3-1, cost 246.95 -> 234.28
2026-09-23 16:21:16,388 INFO run.814373.135599821542736.rerouting: step 36 link 0-4 utilization 1.00 -> 1.00 after selective rerouting
2026-09-23 16:21:16,388 INFO run.814373.135599821542736.rerouting: step 36 link 1-3 utilization 1.00 -> 1.00 after selective rerouting
2026-09-23 16:21:16,388 INFO run.814373.135599821542736.rerouting: step 36 link 2-5 utilization 1.00 -> 1.00 after selective rerouting
2026-09-23 16:21:16,388 INFO run.814373.135599821542736.repartition: step 36 trigger 'congestion+resource' suppressed by cooldown (last repartition at step 34)
2026-09-23 16:21:16,388 INFO run.814373.135599821542736: step 36 deferred 8 communications to queue (hard_capacity); queue length 8
2026-09-23 16:21:16,389 INFO run.814373.135599821542736: step 37 congestion on links 0-4|1-3|1-4|2-5 (utilization 0-4:1.00, 1-3:1.00, 1-4:0.71, 2-5:1.00); affected=4 unaffected=0 in_flight_on_congested=4
2026-09-23 16:21:16,730 INFO run.814373.135599821542736.rerouting: step 37 selective rerouting: 4 affected communications on congested links 0-4|1-3|1-4|2-5; 0 unaffected communications left untouched
2026-09-23 16:21:16,730 INFO run.814373.135599821542736.rerouting: step 37 block 0: 3 communications, 6 QUBO variables, 0 pairwise capacity conflicts; classical=classical_exhaustive E=10.1882; qaoa=attempted feasible E=10.1882; executed=qaoa E=10.1882 (keep-current E=10.3905); routes changed=1
2026-09-23 16:21:16,730 INFO run.814373.135599821542736.rerouting: step 37 block 1: 1 communications, 1 QUBO variables, 0 pairwise capacity conflicts; classical=classical_exhaustive E=1.0000; qaoa=attempted feasible E=1.0000; executed=qaoa E=1.0000 (keep-current E=1.0000); routes changed=0
2026-09-23 16:21:16,730 INFO run.814373.135599821542736.rerouting: step 37 rerouted s0035-w002-g009-q10_18 (q10 QPU5 -> q18 QPU4): 5-2-3-1-4 -> 5-2-0-3-1-4, cost 430.17 -> 478.18
2026-09-23 16:21:16,730 INFO run.814373.135599821542736.rerouting: step 37 link 0-4 utilization 1.00 -> 1.00 after selective rerouting
2026-09-23 16:21:16,730 INFO run.814373.135599821542736.rerouting: step 37 link 1-3 utilization 1.00 -> 1.00 after selective rerouting
2026-09-23 16:21:16,730 INFO run.814373.135599821542736.rerouting: step 37 link 1-4 utilization 0.71 -> 0.71 after selective rerouting
2026-09-23 16:21:16,730 INFO run.814373.135599821542736.rerouting: step 37 link 2-5 utilization 1.00 -> 1.00 after selective rerouting
2026-09-23 16:21:17,083 INFO run.814373.135599821542736.repartition: step 37 repartition trigger reason=combined (congestion+resource) links=1-3|2-5 affected_qubits=[0, 2, 3, 4, 5, 7, 8, 9, 10, 11, 12, 13, 14, 15, 16, 18, 19, 20, 21, 22, 23]
2026-09-23 16:21:17,083 INFO run.814373.135599821542736.repartition: step 37 evaluated 364 selective candidates; objective 22309.26 -> 21098.13 (communication 12709.26 -> 12705.70, deferred load 48.0 -> 41.0, migration 192.43)
2026-09-23 16:21:17,083 INFO run.814373.135599821542736.repartition: step 37 accepted swap of qubits [0, 10]: QPU [0, 5] -> QPU [5, 0]
2026-09-23 16:21:17,083 INFO run.814373.135599821542736.repartition: step 37 accepted swap of qubits [9, 20]: QPU [1, 2] -> QPU [2, 1]
2026-09-23 16:21:17,083 INFO run.814373.135599821542736.repartition: step 37 link 1-3 projected peak utilization 1.00 -> 1.00
2026-09-23 16:21:17,083 INFO run.814373.135599821542736.repartition: step 37 link 2-5 projected peak utilization 1.00 -> 1.00
2026-09-23 16:21:17,083 INFO run.814373.135599821542736.repartition: step 37 moved qubits [0, 9, 10, 20]; new partition {0: [3, 10, 11, 12], 1: [6, 7, 20, 21], 2: [1, 9, 15, 17], 3: [14, 16, 19, 22], 4: [2, 8, 18, 23], 5: [0, 4, 5, 13]}
2026-09-23 16:21:17,083 INFO run.814373.135599821542736: step 37 deferred 15 communications to queue (hard_capacity); queue length 15
2026-09-23 16:21:17,085 INFO run.814373.135599821542736: step 38 congestion on links 0-4|1-3|2-3|2-5 (utilization 0-4:1.00, 1-3:1.00, 2-3:0.62, 2-5:1.00); affected=8 unaffected=3 in_flight_on_congested=3
2026-09-23 16:21:18,041 INFO run.814373.135599821542736.rerouting: step 38 selective rerouting: 8 affected communications on congested links 0-4|1-3|2-3|2-5; 3 unaffected communications left untouched
2026-09-23 16:21:18,042 INFO run.814373.135599821542736.rerouting: step 38 block 0: 4 communications, 11 QUBO variables, 6 pairwise capacity conflicts; classical=classical_exhaustive E=4.6870; qaoa=attempted feasible E=4.6870; executed=qaoa E=4.6870 (keep-current E=4.6870); routes changed=2
2026-09-23 16:21:18,042 INFO run.814373.135599821542736.rerouting: step 38 block 1: 4 communications, 8 QUBO variables, 0 pairwise capacity conflicts; classical=classical_exhaustive E=1.8904; qaoa=attempted feasible E=1.8904; executed=qaoa E=1.8904 (keep-current E=1.8904); routes changed=0
2026-09-23 16:21:18,042 INFO run.814373.135599821542736.rerouting: step 38 rerouted s0036-w003-g006-q8_14 (q8 QPU4 -> q14 QPU3): 4-1-3 -> 4-0-3, cost 192.30 -> 217.68
2026-09-23 16:21:18,042 INFO run.814373.135599821542736.rerouting: step 38 rerouted s0037-w004-g007-q8_22 (q8 QPU4 -> q22 QPU3): 4-0-3 -> 4-1-3, cost 217.68 -> 192.30
2026-09-23 16:21:18,042 INFO run.814373.135599821542736.rerouting: step 38 link 0-4 utilization 1.00 -> 1.00 after selective rerouting
2026-09-23 16:21:18,042 INFO run.814373.135599821542736.rerouting: step 38 link 1-3 utilization 1.00 -> 1.00 after selective rerouting
2026-09-23 16:21:18,042 INFO run.814373.135599821542736.rerouting: step 38 link 2-3 utilization 0.62 -> 0.62 after selective rerouting
2026-09-23 16:21:18,042 INFO run.814373.135599821542736.rerouting: step 38 link 2-5 utilization 1.00 -> 1.00 after selective rerouting
2026-09-23 16:21:18,042 INFO run.814373.135599821542736.repartition: step 38 trigger 'congestion+resource' suppressed by cooldown (last repartition at step 37)
2026-09-23 16:21:18,042 INFO run.814373.135599821542736: step 38 deferred 9 communications to queue (hard_capacity); queue length 9
2026-09-23 16:21:18,043 INFO run.814373.135599821542736: step 39 congestion on links 0-4|1-3|1-4|2-5 (utilization 0-4:1.00, 1-3:1.00, 1-4:0.62, 2-5:1.00); affected=6 unaffected=1 in_flight_on_congested=5
2026-09-23 16:21:19,013 INFO run.814373.135599821542736.rerouting: step 39 selective rerouting: 6 affected communications on congested links 0-4|1-3|1-4|2-5; 1 unaffected communications left untouched
2026-09-23 16:21:19,013 INFO run.814373.135599821542736.rerouting: step 39 block 0: 3 communications, 11 QUBO variables, 12 pairwise capacity conflicts; classical=classical_exhaustive E=1.8851; qaoa=attempted feasible E=2.2692; executed=qaoa E=2.2692 (keep-current E=2.5886); routes changed=2
2026-09-23 16:21:19,013 INFO run.814373.135599821542736.rerouting: step 39 block 1: 3 communications, 6 QUBO variables, 0 pairwise capacity conflicts; classical=classical_exhaustive E=2.2871; qaoa=attempted feasible E=2.2871; executed=qaoa E=2.2871 (keep-current E=2.2871); routes changed=0
2026-09-23 16:21:19,013 INFO run.814373.135599821542736.rerouting: step 39 rerouted s0036-w003-g009-q13_18 (q13 QPU5 -> q18 QPU4): 5-2-3-1-4 -> 5-2-3-0-4, cost 418.59 -> 442.73
2026-09-23 16:21:19,013 INFO run.814373.135599821542736.rerouting: step 39 rerouted s0039-w006-g001-q1_20 (q1 QPU2 -> q20 QPU1): 2-0-4-1 -> 2-3-1, cost 307.32 -> 182.80
2026-09-23 16:21:19,013 INFO run.814373.135599821542736.rerouting: step 39 link 0-4 utilization 1.00 -> 1.00 after selective rerouting
2026-09-23 16:21:19,013 INFO run.814373.135599821542736.rerouting: step 39 link 1-3 utilization 1.00 -> 1.00 after selective rerouting
2026-09-23 16:21:19,013 INFO run.814373.135599821542736.rerouting: step 39 link 1-4 utilization 0.62 -> 0.38 after selective rerouting
2026-09-23 16:21:19,013 INFO run.814373.135599821542736.rerouting: step 39 link 2-5 utilization 1.00 -> 1.00 after selective rerouting
2026-09-23 16:21:19,013 INFO run.814373.135599821542736.repartition: step 39 trigger 'congestion+resource' suppressed by cooldown (last repartition at step 37)
2026-09-23 16:21:19,014 INFO run.814373.135599821542736: step 39 deferred 10 communications to queue (hard_capacity); queue length 10
2026-09-23 16:21:19,016 INFO run.814373.135599821542736: step 40 congestion on links 1-3|2-3|2-5 (utilization 1-3:0.67, 2-3:0.75, 2-5:1.00); affected=5 unaffected=4 in_flight_on_congested=3
2026-09-23 16:21:20,106 INFO run.814373.135599821542736.rerouting: step 40 selective rerouting: 5 affected communications on congested links 1-3|2-3|2-5; 4 unaffected communications left untouched
2026-09-23 16:21:20,106 INFO run.814373.135599821542736.rerouting: step 40 block 0: 3 communications, 12 QUBO variables, 0 pairwise capacity conflicts; classical=classical_exhaustive E=2.2729; qaoa=attempted feasible E=2.2729; executed=qaoa E=2.2729 (keep-current E=9.1308); routes changed=2
2026-09-23 16:21:20,106 INFO run.814373.135599821542736.rerouting: step 40 block 1: 2 communications, 4 QUBO variables, 0 pairwise capacity conflicts; classical=classical_exhaustive E=0.9997; qaoa=attempted feasible E=0.9997; executed=qaoa E=0.9997 (keep-current E=0.9997); routes changed=0
2026-09-23 16:21:20,106 INFO run.814373.135599821542736.rerouting: step 40 rerouted s0039-w006-g006-q6_9 (q6 QPU1 -> q9 QPU2): 1-3-2 -> 1-3-0-2, cost 207.35 -> 103.91
2026-09-23 16:21:20,106 INFO run.814373.135599821542736.rerouting: step 40 rerouted s0040-w007-g010-q15_20 (q15 QPU2 -> q20 QPU1): 2-3-1 -> 2-0-4-1, cost 207.35 -> 113.50
2026-09-23 16:21:20,106 INFO run.814373.135599821542736.rerouting: step 40 link 1-3 utilization 0.67 -> 0.50 after selective rerouting
2026-09-23 16:21:20,106 INFO run.814373.135599821542736.rerouting: step 40 link 2-3 utilization 0.75 -> 0.50 after selective rerouting
2026-09-23 16:21:20,106 INFO run.814373.135599821542736.rerouting: step 40 link 2-5 utilization 1.00 -> 1.00 after selective rerouting
2026-09-23 16:21:20,278 INFO run.814373.135599821542736.repartition: step 40 repartition trigger reason=combined (congestion+resource) links=2-5 affected_qubits=[0, 1, 3, 4, 5, 7, 8, 10, 11, 12, 13, 14, 15, 21]
2026-09-23 16:21:20,278 INFO run.814373.135599821542736.repartition: step 40 evaluated 154 selective candidates; objective 18474.76 -> 17679.31 (communication 10874.76 -> 10475.60, deferred load 38.0 -> 35.0, migration 203.70)
2026-09-23 16:21:20,278 INFO run.814373.135599821542736.repartition: step 40 repartition rejected: improvement_below_margin
2026-09-23 16:21:20,279 INFO run.814373.135599821542736: step 40 deferred 11 communications to queue (hard_capacity); queue length 11
2026-09-23 16:21:20,280 INFO run.814373.135599821542736: step 41 congestion on links 1-3|2-5 (utilization 1-3:0.83, 2-5:1.00); affected=5 unaffected=2 in_flight_on_congested=3
2026-09-23 16:21:21,051 INFO run.814373.135599821542736.rerouting: step 41 selective rerouting: 5 affected communications on congested links 1-3|2-5; 2 unaffected communications left untouched
2026-09-23 16:21:21,051 INFO run.814373.135599821542736.rerouting: step 41 block 0: 4 communications, 11 QUBO variables, 0 pairwise capacity conflicts; classical=classical_exhaustive E=2.2489; qaoa=attempted feasible E=2.4817; executed=qaoa E=2.4817 (keep-current E=2.6058); routes changed=1
2026-09-23 16:21:21,051 INFO run.814373.135599821542736.rerouting: step 41 block 1: 1 communications, 2 QUBO variables, 0 pairwise capacity conflicts; classical=classical_exhaustive E=0.5896; qaoa=attempted feasible E=0.5896; executed=qaoa E=0.5896 (keep-current E=0.5896); routes changed=0
2026-09-23 16:21:21,051 INFO run.814373.135599821542736.rerouting: step 41 rerouted s0041-w008-g010-q19_23 (q19 QPU3 -> q23 QPU4): 3-1-4 -> 3-2-0-4, cost 164.75 -> 183.82
2026-09-23 16:21:21,051 INFO run.814373.135599821542736.rerouting: step 41 link 1-3 utilization 0.83 -> 0.67 after selective rerouting
2026-09-23 16:21:21,051 INFO run.814373.135599821542736.rerouting: step 41 link 2-5 utilization 1.00 -> 1.00 after selective rerouting
2026-09-23 16:21:21,218 INFO run.814373.135599821542736.repartition: step 41 repartition trigger reason=combined (congestion+resource) links=2-5 affected_qubits=[0, 1, 3, 4, 5, 7, 8, 10, 11, 13, 14, 15, 21]
2026-09-23 16:21:21,218 INFO run.814373.135599821542736.repartition: step 41 evaluated 134 selective candidates; objective 15066.21 -> 14221.77 (communication 11866.21 -> 11641.62, deferred load 16.0 -> 12.0, migration 180.15)
2026-09-23 16:21:21,218 INFO run.814373.135599821542736.repartition: step 41 accepted swap of qubits [4, 11]: QPU [5, 0] -> QPU [0, 5]
2026-09-23 16:21:21,218 INFO run.814373.135599821542736.repartition: step 41 accepted swap of qubits [7, 15]: QPU [1, 2] -> QPU [2, 1]
2026-09-23 16:21:21,218 INFO run.814373.135599821542736.repartition: step 41 link 2-5 projected peak utilization 1.00 -> 1.00
2026-09-23 16:21:21,218 INFO run.814373.135599821542736.repartition: step 41 moved qubits [4, 7, 11, 15]; new partition {0: [3, 4, 10, 12], 1: [6, 15, 20, 21], 2: [1, 7, 9, 17], 3: [14, 16, 19, 22], 4: [2, 8, 18, 23], 5: [0, 5, 11, 13]}
2026-09-23 16:21:21,219 INFO run.814373.135599821542736: step 41 deferred 10 communications to queue (hard_capacity); queue length 10
2026-09-23 16:21:21,220 INFO run.814373.135599821542736: step 42 congestion on links 0-4|1-3|2-3|2-5 (utilization 0-4:0.75, 1-3:0.83, 2-3:0.71, 2-5:1.00); affected=8 unaffected=2 in_flight_on_congested=2
2026-09-23 16:21:22,130 INFO run.814373.135599821542736.rerouting: step 42 selective rerouting: 8 affected communications on congested links 0-4|1-3|2-3|2-5; 2 unaffected communications left untouched
2026-09-23 16:21:22,130 INFO run.814373.135599821542736.rerouting: step 42 block 0: 3 communications, 10 QUBO variables, 0 pairwise capacity conflicts; classical=classical_exhaustive E=3.0803; qaoa=attempted feasible E=3.0803; executed=qaoa E=3.0803 (keep-current E=4.3340); routes changed=1
2026-09-23 16:21:22,130 INFO run.814373.135599821542736.rerouting: step 42 block 1: 4 communications, 7 QUBO variables, 0 pairwise capacity conflicts; classical=classical_exhaustive E=2.1065; qaoa=attempted feasible E=2.1065; executed=qaoa E=2.1065 (keep-current E=2.1065); routes changed=0
2026-09-23 16:21:22,130 INFO run.814373.135599821542736.rerouting: step 42 block 2: 1 communications, 1 QUBO variables, 0 pairwise capacity conflicts; classical=classical_exhaustive E=1.0000; qaoa=attempted feasible E=1.0000; executed=qaoa E=1.0000 (keep-current E=1.0000); routes changed=0
2026-09-23 16:21:22,130 INFO run.814373.135599821542736.rerouting: step 42 rerouted s0038-w005-g000-q0_8 (q0 QPU5 -> q8 QPU4): 5-2-3-1-4 -> 5-2-0-4, cost 407.98 -> 357.33
2026-09-23 16:21:22,130 INFO run.814373.135599821542736.rerouting: step 42 link 0-4 utilization 0.75 -> 1.00 after selective rerouting
2026-09-23 16:21:22,130 INFO run.814373.135599821542736.rerouting: step 42 link 1-3 utilization 0.83 -> 0.67 after selective rerouting
2026-09-23 16:21:22,130 INFO run.814373.135599821542736.rerouting: step 42 link 2-3 utilization 0.71 -> 0.57 after selective rerouting
2026-09-23 16:21:22,130 INFO run.814373.135599821542736.rerouting: step 42 link 2-5 utilization 1.00 -> 1.00 after selective rerouting
2026-09-23 16:21:22,130 INFO run.814373.135599821542736.repartition: step 42 trigger 'congestion+resource' suppressed by cooldown (last repartition at step 41)
2026-09-23 16:21:22,130 INFO run.814373.135599821542736: step 42 deferred 5 communications to queue (hard_capacity); queue length 5
2026-09-23 16:21:22,131 INFO run.814373.135599821542736: step 43 congestion on links 0-4|1-3|2-3|2-5 (utilization 0-4:1.00, 1-3:0.83, 2-3:0.86, 2-5:1.00); affected=6 unaffected=1 in_flight_on_congested=4
2026-09-23 16:21:22,776 INFO run.814373.135599821542736.rerouting: step 43 selective rerouting: 6 affected communications on congested links 0-4|1-3|2-3|2-5; 1 unaffected communications left untouched
2026-09-23 16:21:22,776 INFO run.814373.135599821542736.rerouting: step 43 block 0: 3 communications, 9 QUBO variables, 0 pairwise capacity conflicts; classical=classical_exhaustive E=1.9489; qaoa=attempted feasible E=1.9489; executed=qaoa E=1.9489 (keep-current E=2.0836); routes changed=1
2026-09-23 16:21:22,776 INFO run.814373.135599821542736.rerouting: step 43 block 1: 3 communications, 6 QUBO variables, 0 pairwise capacity conflicts; classical=classical_exhaustive E=2.6255; qaoa=attempted feasible E=2.6255; executed=qaoa E=2.6255 (keep-current E=2.8216); routes changed=1
2026-09-23 16:21:22,776 INFO run.814373.135599821542736.rerouting: step 43 rerouted s0043-w010-g001-q1_21 (q1 QPU2 -> q21 QPU1): 2-3-1 -> 2-0-3-1, cost 255.01 -> 211.71
2026-09-23 16:21:22,776 INFO run.814373.135599821542736.rerouting: step 43 rerouted s0043-w010-g006-q7_23 (q7 QPU2 -> q23 QPU4): 2-3-1-4 -> 2-0-3-1-4, cost 280.69 -> 236.97
2026-09-23 16:21:22,776 INFO run.814373.135599821542736.rerouting: step 43 link 0-4 utilization 1.00 -> 1.00 after selective rerouting
2026-09-23 16:21:22,776 INFO run.814373.135599821542736.rerouting: step 43 link 1-3 utilization 0.83 -> 0.83 after selective rerouting
2026-09-23 16:21:22,776 INFO run.814373.135599821542736.rerouting: step 43 link 2-3 utilization 0.86 -> 0.57 after selective rerouting
2026-09-23 16:21:22,776 INFO run.814373.135599821542736.rerouting: step 43 link 2-5 utilization 1.00 -> 1.00 after selective rerouting
2026-09-23 16:21:22,776 INFO run.814373.135599821542736.repartition: step 43 trigger 'congestion+resource' suppressed by cooldown (last repartition at step 41)
2026-09-23 16:21:22,776 INFO run.814373.135599821542736: step 43 deferred 8 communications to queue (hard_capacity); queue length 8
2026-09-23 16:21:22,777 INFO run.814373.135599821542736: step 44 congestion on links 0-2|2-5 (utilization 0-2:0.67, 2-5:1.00); affected=4 unaffected=4 in_flight_on_congested=3
2026-09-23 16:21:23,036 INFO run.814373.135599821542736.rerouting: step 44 selective rerouting: 4 affected communications on congested links 0-2|2-5; 4 unaffected communications left untouched
2026-09-23 16:21:23,036 INFO run.814373.135599821542736.rerouting: step 44 block 0: 4 communications, 7 QUBO variables, 0 pairwise capacity conflicts; classical=classical_exhaustive E=3.2828; qaoa=attempted feasible E=3.2828; executed=qaoa E=3.2828 (keep-current E=3.4517); routes changed=1
2026-09-23 16:21:23,036 INFO run.814373.135599821542736.rerouting: step 44 rerouted s0040-w007-g000-q0_3 (q0 QPU5 -> q3 QPU0): 5-2-0 -> 5-2-3-0, cost 267.03 -> 224.21
2026-09-23 16:21:23,036 INFO run.814373.135599821542736.rerouting: step 44 link 0-2 utilization 0.67 -> 0.56 after selective rerouting
2026-09-23 16:21:23,036 INFO run.814373.135599821542736.rerouting: step 44 link 2-5 utilization 1.00 -> 1.00 after selective rerouting
2026-09-23 16:21:23,141 INFO run.814373.135599821542736.repartition: step 44 repartition trigger reason=combined (congestion+resource) links=2-5 affected_qubits=[0, 1, 3, 4, 5, 6, 11, 13, 17, 20, 22]
2026-09-23 16:21:23,141 INFO run.814373.135599821542736.repartition: step 44 evaluated 92 selective candidates; objective 15730.44 -> 14982.71 (communication 11330.44 -> 11072.45, deferred load 22.0 -> 19.0, migration 110.26)
2026-09-23 16:21:23,141 INFO run.814373.135599821542736.repartition: step 44 repartition rejected: improvement_below_margin
2026-09-23 16:21:23,141 INFO run.814373.135599821542736: step 44 deferred 8 communications to queue (hard_capacity); queue length 8
2026-09-23 16:21:23,142 INFO run.814373.135599821542736: step 45 congestion on links 0-4|1-3|1-4|2-5 (utilization 0-4:0.75, 1-3:1.00, 1-4:0.62, 2-5:1.00); affected=8 unaffected=1 in_flight_on_congested=3
2026-09-23 16:21:24,408 INFO run.814373.135599821542736.rerouting: step 45 selective rerouting: 8 affected communications on congested links 0-4|1-3|1-4|2-5; 1 unaffected communications left untouched
2026-09-23 16:21:24,408 INFO run.814373.135599821542736.rerouting: step 45 block 0: 4 communications, 10 QUBO variables, 9 pairwise capacity conflicts; classical=classical_exhaustive E=3.9203; qaoa=attempted feasible E=5.3582; executed=qaoa E=5.3582 (keep-current E=3.9842); routes changed=2
2026-09-23 16:21:24,408 INFO run.814373.135599821542736.rerouting: step 45 block 1: 3 communications, 11 QUBO variables, 12 pairwise capacity conflicts; classical=classical_exhaustive E=1.7307; qaoa=attempted feasible E=2.4715; executed=qaoa E=2.4715 (keep-current E=3.1523); routes changed=1
2026-09-23 16:21:24,408 INFO run.814373.135599821542736.rerouting: step 45 block 2: 1 communications, 2 QUBO variables, 0 pairwise capacity conflicts; classical=classical_exhaustive E=0.6897; qaoa=attempted feasible E=0.6897; executed=qaoa E=0.6897 (keep-current E=0.6897); routes changed=0
2026-09-23 16:21:24,408 INFO run.814373.135599821542736.rerouting: step 45 rerouted s0042-w009-g000-q0_6 (q0 QPU5 -> q6 QPU1): 5-2-3-1 -> 5-2-0-4-1, cost 327.60 -> 447.62
2026-09-23 16:21:24,408 INFO run.814373.135599821542736.rerouting: step 45 rerouted s0045-w012-g003-q3_6 (q3 QPU0 -> q6 QPU1): 0-4-1 -> 0-3-1, cost 223.18 -> 246.20
2026-09-23 16:21:24,408 INFO run.814373.135599821542736.rerouting: step 45 rerouted s0045-w012-g006-q8_14 (q8 QPU4 -> q14 QPU3): 4-1-3 -> 4-0-2-3, cost 253.37 -> 297.82
2026-09-23 16:21:24,408 INFO run.814373.135599821542736.rerouting: step 45 link 0-4 utilization 0.75 -> 1.00 after selective rerouting
2026-09-23 16:21:24,408 INFO run.814373.135599821542736.rerouting: step 45 link 1-3 utilization 1.00 -> 0.83 after selective rerouting
2026-09-23 16:21:24,408 INFO run.814373.135599821542736.rerouting: step 45 link 1-4 utilization 0.62 -> 0.50 after selective rerouting
2026-09-23 16:21:24,408 INFO run.814373.135599821542736.rerouting: step 45 link 2-5 utilization 1.00 -> 1.00 after selective rerouting
2026-09-23 16:21:24,541 INFO run.814373.135599821542736.repartition: step 45 repartition trigger reason=combined (congestion+resource) links=2-5 affected_qubits=[0, 1, 2, 4, 5, 6, 9, 10, 11, 13, 17, 20, 22]
2026-09-23 16:21:24,541 INFO run.814373.135599821542736.repartition: step 45 evaluated 134 selective candidates; objective 21768.56 -> 20236.27 (communication 13368.56 -> 12922.93, deferred load 42.0 -> 36.0, migration 113.34)
2026-09-23 16:21:24,541 INFO run.814373.135599821542736.repartition: step 45 accepted swap of qubits [4, 11]: QPU [0, 5] -> QPU [5, 0]
2026-09-23 16:21:24,541 INFO run.814373.135599821542736.repartition: step 45 accepted swap of qubits [11, 17]: QPU [0, 2] -> QPU [2, 0]
2026-09-23 16:21:24,541 INFO run.814373.135599821542736.repartition: step 45 link 2-5 projected peak utilization 1.00 -> 1.00
2026-09-23 16:21:24,541 INFO run.814373.135599821542736.repartition: step 45 moved qubits [4, 11, 17]; new partition {0: [3, 10, 12, 17], 1: [6, 15, 20, 21], 2: [1, 7, 9, 11], 3: [14, 16, 19, 22], 4: [2, 8, 18, 23], 5: [0, 4, 5, 13]}
2026-09-23 16:21:24,542 INFO run.814373.135599821542736: step 45 deferred 10 communications to queue (hard_capacity); queue length 10
2026-09-23 16:21:24,543 INFO run.814373.135599821542736: step 46 congestion on links 0-4|1-3|1-4|2-3|2-5 (utilization 0-4:1.00, 1-3:0.83, 1-4:0.62, 2-3:0.67, 2-5:1.00); affected=6 unaffected=2 in_flight_on_congested=6
2026-09-23 16:21:25,159 INFO run.814373.135599821542736.rerouting: step 46 selective rerouting: 6 affected communications on congested links 0-4|1-3|1-4|2-3|2-5; 2 unaffected communications left untouched
2026-09-23 16:21:25,159 INFO run.814373.135599821542736.rerouting: step 46 block 0: 4 communications, 10 QUBO variables, 6 pairwise capacity conflicts; classical=classical_exhaustive E=4.4237; qaoa=attempted feasible E=4.4237; executed=qaoa E=4.4237 (keep-current E=5.3291); routes changed=1
2026-09-23 16:21:25,159 INFO run.814373.135599821542736.rerouting: step 46 block 1: 2 communications, 2 QUBO variables, 0 pairwise capacity conflicts; classical=classical_exhaustive E=11.2547; qaoa=attempted feasible E=11.2547; executed=qaoa E=11.2547 (keep-current E=11.2547); routes changed=0
2026-09-23 16:21:25,159 INFO run.814373.135599821542736.rerouting: step 46 rerouted s0043-w010-g008-q11_20 (q11 QPU2 -> q20 QPU1): 2-3-1 -> 2-0-3-1, cost 222.13 -> 214.21
2026-09-23 16:21:25,159 INFO run.814373.135599821542736.rerouting: step 46 link 0-4 utilization 1.00 -> 1.00 after selective rerouting
2026-09-23 16:21:25,159 INFO run.814373.135599821542736.rerouting: step 46 link 1-3 utilization 0.83 -> 0.83 after selective rerouting
2026-09-23 16:21:25,159 INFO run.814373.135599821542736.rerouting: step 46 link 1-4 utilization 0.62 -> 0.62 after selective rerouting
2026-09-23 16:21:25,159 INFO run.814373.135599821542736.rerouting: step 46 link 2-3 utilization 0.67 -> 0.50 after selective rerouting
2026-09-23 16:21:25,159 INFO run.814373.135599821542736.rerouting: step 46 link 2-5 utilization 1.00 -> 1.00 after selective rerouting
2026-09-23 16:21:25,159 INFO run.814373.135599821542736.repartition: step 46 trigger 'congestion+resource' suppressed by cooldown (last repartition at step 45)
2026-09-23 16:21:25,159 INFO run.814373.135599821542736: step 46 deferred 7 communications to queue (hard_capacity); queue length 7
2026-09-23 16:21:25,160 INFO run.814373.135599821542736: step 47 congestion on links 0-4|1-3|2-5 (utilization 0-4:1.00, 1-3:0.83, 2-5:1.00); affected=6 unaffected=2 in_flight_on_congested=4
2026-09-23 16:21:25,765 INFO run.814373.135599821542736.rerouting: step 47 selective rerouting: 6 affected communications on congested links 0-4|1-3|2-5; 2 unaffected communications left untouched
2026-09-23 16:21:25,765 INFO run.814373.135599821542736.rerouting: step 47 block 0: 4 communications, 10 QUBO variables, 9 pairwise capacity conflicts; classical=classical_exhaustive E=4.7227; qaoa=attempted feasible E=4.7227; executed=qaoa E=4.7227 (keep-current E=4.7227); routes changed=0
2026-09-23 16:21:25,765 INFO run.814373.135599821542736.rerouting: step 47 block 1: 2 communications, 3 QUBO variables, 0 pairwise capacity conflicts; classical=classical_exhaustive E=1.1594; qaoa=attempted feasible E=1.1594; executed=qaoa E=1.1594 (keep-current E=1.1594); routes changed=0
2026-09-23 16:21:25,765 INFO run.814373.135599821542736.rerouting: step 47 link 0-4 utilization 1.00 -> 1.00 after selective rerouting
2026-09-23 16:21:25,765 INFO run.814373.135599821542736.rerouting: step 47 link 1-3 utilization 0.83 -> 0.83 after selective rerouting
2026-09-23 16:21:25,765 INFO run.814373.135599821542736.rerouting: step 47 link 2-5 utilization 1.00 -> 1.00 after selective rerouting
2026-09-23 16:21:25,765 INFO run.814373.135599821542736.repartition: step 47 trigger 'congestion+resource' suppressed by cooldown (last repartition at step 45)
2026-09-23 16:21:25,765 INFO run.814373.135599821542736: step 47 deferred 8 communications to queue (hard_capacity); queue length 8
2026-09-23 16:21:25,766 INFO run.814373.135599821542736: step 48 congestion on links 1-3|2-3|2-5 (utilization 1-3:0.83, 2-3:0.67, 2-5:1.00); affected=4 unaffected=3 in_flight_on_congested=3
2026-09-23 16:21:26,228 INFO run.814373.135599821542736.rerouting: step 48 selective rerouting: 4 affected communications on congested links 1-3|2-3|2-5; 3 unaffected communications left untouched
2026-09-23 16:21:26,228 INFO run.814373.135599821542736.rerouting: step 48 block 0: 4 communications, 10 QUBO variables, 0 pairwise capacity conflicts; classical=classical_exhaustive E=3.1158; qaoa=attempted feasible E=3.1158; executed=qaoa E=3.1158 (keep-current E=6.6152); routes changed=2
2026-09-23 16:21:26,228 INFO run.814373.135599821542736.rerouting: step 48 rerouted s0048-w015-g001-q1_18 (q1 QPU2 -> q18 QPU4): 2-3-1-4 -> 2-0-4, cost 246.17 -> 171.85
2026-09-23 16:21:26,228 INFO run.814373.135599821542736.rerouting: step 48 rerouted s0048-w015-g006-q7_8 (q7 QPU2 -> q8 QPU4): 2-3-1-4 -> 2-0-4, cost 246.17 -> 171.85
2026-09-23 16:21:26,228 INFO run.814373.135599821542736.rerouting: step 48 link 1-3 utilization 0.83 -> 0.50 after selective rerouting
2026-09-23 16:21:26,228 INFO run.814373.135599821542736.rerouting: step 48 link 2-3 utilization 0.67 -> 0.33 after selective rerouting
2026-09-23 16:21:26,228 INFO run.814373.135599821542736.rerouting: step 48 link 2-5 utilization 1.00 -> 1.00 after selective rerouting
2026-09-23 16:21:26,493 INFO run.814373.135599821542736.repartition: step 48 repartition trigger reason=combined (congestion+resource) links=0-4|2-5 affected_qubits=[0, 1, 2, 3, 4, 5, 7, 8, 10, 11, 13, 14, 17, 18, 20, 22, 23]
2026-09-23 16:21:26,493 INFO run.814373.135599821542736.repartition: step 48 evaluated 234 selective candidates; objective 14504.47 -> 14113.77 (communication 9904.47 -> 10065.13, deferred load 23.0 -> 20.0, migration 48.64)
2026-09-23 16:21:26,493 INFO run.814373.135599821542736.repartition: step 48 repartition rejected: improvement_below_margin
2026-09-23 16:21:26,494 INFO run.814373.135599821542736: step 48 deferred 9 communications to queue (hard_capacity); queue length 9
2026-09-23 16:21:26,495 INFO run.814373.135599821542736: step 49 congestion on links 0-4|2-5 (utilization 0-4:0.75, 2-5:1.00); affected=4 unaffected=3 in_flight_on_congested=2
2026-09-23 16:21:27,016 INFO run.814373.135599821542736.rerouting: step 49 selective rerouting: 4 affected communications on congested links 0-4|2-5; 3 unaffected communications left untouched
2026-09-23 16:21:27,016 INFO run.814373.135599821542736.rerouting: step 49 block 0: 4 communications, 10 QUBO variables, 0 pairwise capacity conflicts; classical=classical_exhaustive E=5.5699; qaoa=attempted feasible E=5.5699; executed=qaoa E=5.5699 (keep-current E=5.5699); routes changed=0
2026-09-23 16:21:27,016 INFO run.814373.135599821542736.rerouting: step 49 link 0-4 utilization 0.75 -> 0.75 after selective rerouting
2026-09-23 16:21:27,016 INFO run.814373.135599821542736.rerouting: step 49 link 2-5 utilization 1.00 -> 1.00 after selective rerouting
2026-09-23 16:21:27,205 INFO run.814373.135599821542736.repartition: step 49 repartition trigger reason=combined (congestion+resource) links=0-4|2-5 affected_qubits=[0, 1, 2, 3, 4, 5, 6, 10, 11, 13, 14, 17, 18, 20, 23]
2026-09-23 16:21:27,205 INFO run.814373.135599821542736.repartition: step 49 evaluated 182 selective candidates; objective 15814.74 -> 15451.83 (communication 8214.74 -> 8618.38, deferred load 38.0 -> 33.0, migration 233.45)
2026-09-23 16:21:27,205 INFO run.814373.135599821542736.repartition: step 49 repartition rejected: improvement_below_margin
2026-09-23 16:21:27,205 INFO run.814373.135599821542736: step 49 deferred 10 communications to queue (hard_capacity); queue length 10
2026-09-23 16:21:27,206 INFO run.814373.135599821542736: step 50 congestion on links 1-3|2-5 (utilization 1-3:0.67, 2-5:1.00); affected=4 unaffected=2 in_flight_on_congested=2
2026-09-23 16:21:27,718 INFO run.814373.135599821542736.rerouting: step 50 selective rerouting: 4 affected communications on congested links 1-3|2-5; 2 unaffected communications left untouched
2026-09-23 16:21:27,718 INFO run.814373.135599821542736.rerouting: step 50 block 0: 4 communications, 10 QUBO variables, 0 pairwise capacity conflicts; classical=classical_exhaustive E=2.0945; qaoa=attempted feasible E=2.0945; executed=qaoa E=2.0945 (keep-current E=2.8380); routes changed=1
2026-09-23 16:21:27,718 INFO run.814373.135599821542736.rerouting: step 50 rerouted s0050-w001-g009-q11_18 (q11 QPU2 -> q18 QPU4): 2-3-1-4 -> 2-0-4, cost 147.76 -> 72.30
2026-09-23 16:21:27,718 INFO run.814373.135599821542736.rerouting: step 50 link 1-3 utilization 0.67 -> 0.50 after selective rerouting
2026-09-23 16:21:27,718 INFO run.814373.135599821542736.rerouting: step 50 link 2-5 utilization 1.00 -> 1.00 after selective rerouting
2026-09-23 16:21:27,955 INFO run.814373.135599821542736.repartition: step 50 repartition trigger reason=combined (congestion+resource) links=2-5 affected_qubits=[0, 1, 3, 4, 5, 6, 8, 10, 11, 13, 14, 17, 18, 19, 22, 23]
2026-09-23 16:21:27,955 INFO run.814373.135599821542736.repartition: step 50 evaluated 208 selective candidates; objective 17862.01 -> 17401.26 (communication 12462.01 -> 12954.07, deferred load 27.0 -> 22.0, migration 47.19)
2026-09-23 16:21:27,955 INFO run.814373.135599821542736.repartition: step 50 repartition rejected: improvement_below_margin
2026-09-23 16:21:27,955 INFO run.814373.135599821542736: step 50 deferred 13 communications to queue (hard_capacity); queue length 13
2026-09-23 16:21:27,955 INFO run.814373.135599821542736: final partition {0: [3, 10, 12, 17], 1: [6, 15, 20, 21], 2: [1, 7, 9, 11], 3: [14, 16, 19, 22], 4: [2, 8, 18, 23], 5: [0, 4, 5, 13]}
